first_name,last_name,email,gender,position,salary,origin_country
Tawnya,Witheford,twitheford0@seattletimes.com,Female,GIS Technical Architect,58286,Russia
Juline,Kelk,jkelk1@nhs.uk,Female,Technical Writer,50483,Mexico
Mora,Lacoste,mlacoste2@hc360.com,Female,Chief Design Engineer,85345,Indonesia
Vally,Goodger,vgoodger3@admin.ch,Female,Engineer I,84620,China
Correy,Bunny,cbunny4@sbwire.com,Male,Project Manager,92571,Brazil
Alyosha,Wermerling,awermerling5@github.com,Male,Human Resources Assistant III,97569,Indonesia
Maxy,Bondley,mbondley6@livejournal.com,Male,Editor,72331,Indonesia
Beatrix,Deners,bdeners7@prnewswire.com,Female,Data Coordinator,70920,United States
Sheena,Robatham,srobatham8@ebay.co.uk,Female,Executive Secretary,74290,Indonesia
Ham,Chong,hchong9@surveymonkey.com,Male,Geologist III,99001,Sweden
Zena,Daddow,zdaddowa@hud.gov,Female,Structural Engineer,64197,United States
Glori,Crecy,gcrecyb@pbs.org,Female,Senior Financial Analyst,49951,Russia
Florida,Chinge de Hals,fchingedehalsc@yale.edu,Female,Account Representative II,45680,China
Moises,McEachern,mmceachernd@wix.com,Male,Electrical Engineer,74993,China
Mel,Glanvill,mglanville@zimbio.com,Female,Administrative Assistant IV,54732,United States
Richmound,Spours,rspoursf@blog.com,Male,Technical Writer,108327,Mexico
Emlyn,Albury,ealburyg@netscape.com,Female,Structural Analysis Engineer,46998,China
Marna,Whye,mwhyeh@globo.com,Female,Human Resources Manager,52238,Indonesia
Simmonds,Perryman,sperrymani@tripadvisor.com,Male,Research Nurse,92253,China
Charlena,Smithson,csmithsonj@army.mil,Female,Automation Specialist III,65863,China
Forster,Geockle,fgeocklek@europa.eu,Male,Computer Systems Analyst IV,90927,France
Quill,Wheater,qwheaterl@tripod.com,Male,Web Developer III,60749,Indonesia
Lotta,Creffield,lcreffieldm@apache.org,Female,Civil Engineer,0,United Kingdom
Darsey,Meech,dmeechn@usnews.com,Female,Research Associate,60182,Thailand
Calhoun,Olsson,colssono@bandcamp.com,Male,Executive Secretary,46006,Russia
Alejandro,Savary,asavaryp@shop-pro.jp,Male,Human Resources Assistant II,96210,Brazil
Dominic,Sandwith,dsandwithq@nature.com,Male,Analog Circuit Design manager,92565,South Africa
Silvain,Barnard,sbarnardr@fema.gov,Male,VP Sales,77130,China
Danie,Reddyhoff,dreddyhoffs@amazon.co.uk,Male,Web Developer I,46871,China
Janel,Soffe,jsoffet@behance.net,Female,Engineer III,70419,France
Whitney,Berkowitz,wberkowitzu@archive.org,Male,Senior Sales Associate,57072,Japan
Angil,Winckle,awincklev@cam.ac.uk,Female,Clinical Specialist,52692,Thailand
Cullen,Primrose,cprimrosew@kickstarter.com,Male,Marketing Assistant,47104,China
Mike,Bausmann,mbausmannx@netvibes.com,Male,Business Systems Development Analyst,87483,Indonesia
Crista,Woodyeare,cwoodyearey@wp.com,Female,Chemical Engineer,47850,China
Franzen,Sayes,fsayesz@huffingtonpost.com,Male,Administrative Assistant IV,73720,Russia
Ewell,Deniso,edeniso10@intel.com,Male,Mechanical Systems Engineer,87816,Russia
Odele,Dimmack,odimmack11@berkeley.edu,Female,Payment Adjustment Coordinator,71379,Russia
Ariadne,Wandrach,awandrach12@apple.com,Female,Executive Secretary,107777,China
Joni,Hatchette,jhatchette13@nifty.com,Female,Information Systems Manager,95801,China
Nessy,Ilyenko,nilyenko14@infoseek.co.jp,Female,Assistant Media Planner,73494,China
Chrystal,Bum,cbum15@squarespace.com,Female,Pharmacist,100925,China
Trixie,Marsham,tmarsham16@wikipedia.org,Female,Senior Financial Analyst,104058,China
Laurene,Balmadier,lbalmadier17@wikispaces.com,Female,Staff Accountant III,45442,United Kingdom
Myrlene,Tallet,mtallet18@google.es,Female,Systems Administrator III,88674,China
Dolley,Duff,dduff19@1und1.de,Female,Financial Advisor,51063,United States
Karylin,Albury,kalbury1a@sciencedaily.com,Female,Graphic Designer,103983,China
Alonzo,Reubbens,areubbens1b@ning.com,Male,Health Coach IV,46677,Malaysia
Antons,Jezard,ajezard1c@cargocollective.com,Male,Design Engineer,101446,China
Cami,Trevna,ctrevna1d@flickr.com,Female,Speech Pathologist,80051,Sweden
Dave,Shipley,dshipley1e@bing.com,Male,Senior Sales Associate,73395,China
Almira,Rosencrantz,arosencrantz1f@bbc.co.uk,Female,Chief Design Engineer,58813,Indonesia
Ginnie,Rackley,grackley1g@de.vu,Female,Speech Pathologist,107054,China
Agnes,Louca,alouca1h@youku.com,Female,Senior Quality Engineer,67610,Indonesia
Rance,Amey,ramey1i@comsenz.com,Male,Engineer II,54136,Indonesia
Cris,Whalebelly,cwhalebelly1j@hexun.com,Male,Quality Control Specialist,98065,Indonesia
Rosemary,Thompkins,rthompkins1k@nih.gov,Female,Dental Hygienist,104408,Japan
Gay,Wethered,gwethered1l@t.co,Female,Legal Assistant,82518,Thailand
Layne,Kaspar,lkaspar1m@sohu.com,Female,Analyst Programmer,96812,Russia
Maisie,Simons,msimons1n@angelfire.com,Female,Environmental Specialist,64556,China
Reba,Shard,rshard1o@studiopress.com,Female,Help Desk Technician,69935,Russia
Amye,Beven,abeven1p@ucla.edu,Female,Civil Engineer,83258,Mexico
Monroe,Willeman,mwilleman1q@furl.net,Male,Professor,79665,Japan
Clemente,Binnell,cbinnell1r@networkadvertising.org,Male,Help Desk Technician,45568,Japan
Geoffry,Swettenham,gswettenham1s@fotki.com,Male,Food Chemist,83894,Russia
Bibby,Collister,bcollister1t@163.com,Female,Quality Control Specialist,73122,Brazil
Pippy,Greguoli,pgreguoli1u@last.fm,Female,Operator,79794,Thailand
Harald,Allbon,hallbon1v@freewebs.com,Male,Payment Adjustment Coordinator,78602,China
Hazel,Gylle,hgylle1w@google.it,Male,Geological Engineer,62273,Indonesia
Karlik,Dublin,kdublin1x@businesswire.com,Male,Nuclear Power Engineer,67553,Japan
Inigo,Hugonnet,ihugonnet1y@last.fm,Male,Food Chemist,73186,China
Lorne,Adamolli,ladamolli1z@bravesites.com,Female,Mechanical Systems Engineer,64729,Japan
Ezri,Acres,eacres20@jimdo.com,Male,Human Resources Assistant I,45823,Brazil
Jennette,Dicker,jdicker21@hp.com,Female,Software Engineer II,94741,Brazil
Terri,Flatman,tflatman22@usgs.gov,Female,Nuclear Power Engineer,55032,Japan
Brett,Rosedale,brosedale23@latimes.com,Female,Clinical Specialist,56579,United States
Olav,Waison,owaison24@slideshare.net,Male,Account Executive,45299,France
Alexio,Hazeldean,ahazeldean25@unblog.fr,Male,Senior Editor,94523,China
Darryl,MacConnell,dmacconnell26@mapquest.com,Male,Human Resources Manager,109435,Russia
Davine,Jensen,djensen27@opera.com,Female,Staff Accountant II,47561,France
Drugi,Garz,dgarz28@squarespace.com,Male,Professor,63454,China
Ogden,Worcs,oworcs29@goo.gl,Male,Internal Auditor,86187,Sweden
Bride,Orgen,borgen2a@ted.com,Female,Senior Cost Accountant,107978,China
Muire,Aspenlon,maspenlon2b@ehow.com,Female,Professor,85301,South Africa
Alma,Serrier,aserrier2c@about.me,Female,Software Consultant,57065,Brazil
Celestia,Suscens,csuscens2d@archive.org,Female,Accounting Assistant I,87515,China
Frederic,Hanes,fhanes2e@salon.com,Male,Web Developer II,74474,France
Gilberte,Andrus,gandrus2f@ameblo.jp,Female,Food Chemist,51998,Indonesia
Daphna,Wabb,dwabb2g@e-recht24.de,Female,Nurse Practicioner,105819,Indonesia
Vivien,Butterwick,vbutterwick2h@jiathis.com,Female,Actuary,108813,Indonesia
Harrison,Craw,hcraw2i@list-manage.com,Male,Account Coordinator,86830,China
Shelby,Stores,sstores2j@gmpg.org,Female,Speech Pathologist,64524,China
Arielle,Asher,aasher2k@shutterfly.com,Female,Senior Editor,86156,Indonesia
Ker,Hedgeley,khedgeley2l@gizmodo.com,Male,Marketing Manager,104482,Brazil
Guthrey,Fleischer,gfleischer2m@springer.com,Male,General Manager,81707,Indonesia
Heinrick,Gommowe,hgommowe2n@parallels.com,Male,Community Outreach Specialist,100461,Russia
Bil,Capineer,bcapineer2o@go.com,Male,Structural Engineer,61909,China
Lida,MacCaull,lmaccaull2p@tamu.edu,Female,Accounting Assistant II,99102,Malaysia
Meade,Barents,mbarents2q@un.org,Male,VP Marketing,54492,Indonesia
Brendin,Strathe,bstrathe2r@amazon.co.uk,Male,Data Coordinator,63626,China
Rhetta,Tee,rtee2s@msn.com,Female,Senior Cost Accountant,55087,China
Devinne,Leese,dleese2t@mayoclinic.com,Female,Physical Therapy Assistant,99235,France
Eran,Trowl,etrowl2u@earthlink.net,Female,Marketing Assistant,75820,Indonesia
Ryon,Gristwood,rgristwood2v@ebay.com,Male,Senior Sales Associate,98573,China
Abrahan,Fellon,afellon2w@google.cn,Male,Chemical Engineer,62656,Russia
Christoper,Harwood,charwood2x@dailymail.co.uk,Male,Pharmacist,59698,China
Arnoldo,Ripper,aripper2y@hp.com,Male,Internal Auditor,65248,Indonesia
Karalee,Entwisle,kentwisle2z@symantec.com,Female,Teacher,47935,China
Clea,Swine,cswine30@ft.com,Female,Staff Scientist,57795,China
Trevor,Pipet,tpipet31@indiatimes.com,Male,Internal Auditor,78072,China
Emelda,Sodo,esodo32@statcounter.com,Female,Environmental Specialist,60130,China
Barthel,Kinmond,bkinmond33@indiegogo.com,Male,Assistant Professor,70975,Brazil
Wadsworth,McCreery,wmccreery34@go.com,Male,VP Sales,101894,Japan
Merlina,Folland,mfolland35@harvard.edu,Female,Programmer IV,99359,China
Charlotta,Mundell,cmundell36@drupal.org,Female,Librarian,55064,China
Giralda,Aizikovitch,gaizikovitch37@nyu.edu,Female,VP Product Management,107750,Indonesia
Maridel,Govier,mgovier38@wired.com,Female,Administrative Assistant III,74727,Russia
Missie,MacAllister,mmacallister39@github.com,Female,Data Coordinator,71058,Russia
Herby,Tompsett,htompsett3a@friendfeed.com,Male,Automation Specialist I,46716,China
Aimee,Juan,ajuan3b@cdbaby.com,Female,Computer Systems Analyst III,59814,China
Thorsten,McKnockiter,tmcknockiter3c@hatena.ne.jp,Male,Actuary,85079,China
Shannon,Balbeck,sbalbeck3d@ihg.com,Female,Compensation Analyst,54422,Indonesia
Dolf,Goulbourne,dgoulbourne3e@google.pl,Male,Pharmacist,63865,Indonesia
Claus,Abrey,cabrey3f@amazon.de,Male,Occupational Therapist,51847,Brazil
Victoir,Yoxen,vyoxen3g@ning.com,Male,Director of Sales,90898,China
Cyndy,Le Ball,cleball3h@chicagotribune.com,Female,Project Manager,85754,Indonesia
Gerry,Bance,gbance3i@networkadvertising.org,Female,Analyst Programmer,70985,Sweden
Eric,Diggins,ediggins3j@drupal.org,Male,Developer IV,66784,Malaysia
Reidar,Dangerfield,rdangerfield3k@dailymotion.com,Male,Quality Engineer,62773,Thailand
Cori,Dallicott,cdallicott3l@stumbleupon.com,Male,Marketing Manager,76049,China
Raymund,Chantler,rchantler3m@scribd.com,Male,Occupational Therapist,97946,Thailand
Dinny,Colkett,dcolkett3n@drupal.org,Female,Senior Editor,78374,China
Carita,Mawby,cmawby3o@nasa.gov,Female,Information Systems Manager,91953,Brazil
Conny,Fargher,cfargher3p@list-manage.com,Female,Graphic Designer,51491,Russia
Amii,Sacker,asacker3q@unblog.fr,Female,Software Consultant,87125,China
Wash,Hann,whann3r@google.co.jp,Male,Graphic Designer,64994,Indonesia
Paloma,Godwin,pgodwin3s@paypal.com,Female,VP Accounting,77638,South Korea
Benny,Pentecost,bpentecost3t@dyndns.org,Female,Assistant Professor,67068,Brazil
Joleen,Dodshun,jdodshun3u@nifty.com,Female,Programmer I,71467,Brazil
Mord,Buckmaster,mbuckmaster3v@indiegogo.com,Male,Office Assistant IV,60629,China
Pinchas,Faust,pfaust3w@senate.gov,Male,Health Coach III,88542,China
Ban,Ferreli,bferreli3x@ucla.edu,Male,Paralegal,55782,France
Wye,Rutland,wrutland3y@liveinternet.ru,Male,Editor,60860,Vietnam
Casper,Jemmison,cjemmison3z@smugmug.com,Male,Accountant II,102689,United States
Micheil,Wych,mwych40@jimdo.com,Male,Senior Cost Accountant,68146,Indonesia
Elfreda,Vaughten,evaughten41@flavors.me,Female,Biostatistician IV,75205,Indonesia
Yoshi,Treuge,ytreuge42@loc.gov,Female,Budget/Accounting Analyst IV,56640,China
Gavra,Seleway,gseleway43@51.la,Female,Chief Design Engineer,88986,Russia
Jolene,Lehr,jlehr44@adobe.com,Female,Accountant II,94035,United States
Reube,Juckes,rjuckes45@skype.com,Male,Structural Analysis Engineer,90217,China
Cathee,Tindall,ctindall46@booking.com,Female,Quality Control Specialist,89167,Vietnam
Tulley,Pickton,tpickton47@e-recht24.de,Male,Sales Representative,96221,France
Rodolph,Paolicchi,rpaolicchi48@yolasite.com,Male,VP Quality Control,100483,Russia
Gavin,Blazeby,gblazeby49@irs.gov,Male,Help Desk Operator,68854,Russia
Jackqueline,Ratledge,jratledge4a@clickbank.net,Female,Health Coach II,73605,Russia
Gearalt,Coleridge,gcoleridge4b@soundcloud.com,Male,Paralegal,89413,Russia
Karim,Raraty,kraraty4c@usa.gov,Male,Sales Representative,84493,Mexico
Gard,Tipple,gtipple4d@ft.com,Male,Research Nurse,65976,Indonesia
Elsa,Hicklingbottom,ehicklingbottom4e@nba.com,Female,Actuary,50884,China
Humberto,Antosik,hantosik4f@msn.com,Male,Electrical Engineer,69207,Russia
Nora,Tonry,ntonry4g@discuz.net,Female,Web Developer III,74783,Mexico
Yard,Avrasin,yavrasin4h@harvard.edu,Male,Nurse Practicioner,95411,India
Leilah,Boydell,lboydell4i@craigslist.org,Female,Sales Representative,63252,China
Alley,Philipeaux,aphilipeaux4j@msn.com,Male,Financial Analyst,89806,China
Romonda,Betonia,rbetonia4k@samsung.com,Female,Physical Therapy Assistant,70869,China
Trefor,Perrington,tperrington4l@yelp.com,Male,Assistant Manager,45059,Indonesia
Darcy,Charlesworth,dcharlesworth4m@bandcamp.com,Male,Assistant Media Planner,57100,China
Richie,Philbrook,rphilbrook4n@cisco.com,Male,Legal Assistant,97090,Indonesia
Margeaux,Soeiro,msoeiro4o@uol.com.br,Female,Accounting Assistant II,49939,Brazil
Sutton,Hurry,shurry4p@mapy.cz,Male,Senior Developer,58693,United States
Brittni,Popelay,bpopelay4q@blogger.com,Female,Clinical Specialist,55002,China
Kermy,Bergstrand,kbergstrand4r@virginia.edu,Male,Administrative Assistant IV,98123,United States
Stillman,Matura,smatura4s@nba.com,Male,Payment Adjustment Coordinator,103032,China
Mill,Richardson,mrichardson4t@mapy.cz,Male,Marketing Assistant,103191,China
Dot,O' Scallan,doscallan4u@stumbleupon.com,Female,Human Resources Assistant III,48436,China
Colman,Gomersal,cgomersal4v@amazon.de,Male,Nuclear Power Engineer,85797,China
Suzi,MattiCCI,smatticci4w@un.org,Female,Systems Administrator III,47705,China
Jordana,Lyon,jlyon4x@flavors.me,Female,Web Developer III,48070,Indonesia
Fara,Fellgatt,ffellgatt4y@buzzfeed.com,Female,Financial Analyst,85804,China
Brit,Elen,belen4z@nature.com,Female,Research Associate,101078,China
Jerald,Meletti,jmeletti50@addtoany.com,Male,Dental Hygienist,99679,Indonesia
Claus,Firebrace,cfirebrace51@toplist.cz,Male,Associate Professor,59806,Indonesia
Petr,Sinson,psinson52@studiopress.com,Male,Electrical Engineer,51314,Indonesia
Josy,Heninghem,jheninghem53@bloglovin.com,Female,Sales Associate,67649,Malaysia
Anastasie,Strivens,astrivens54@marriott.com,Female,Librarian,109727,China
Averyl,Klampk,aklampk55@noaa.gov,Female,Clinical Specialist,72078,Indonesia
Melany,Arling,marling56@earthlink.net,Female,Technical Writer,85983,China
Cristen,McVane,cmcvane57@seattletimes.com,Female,VP Product Management,78506,Japan
Maddalena,Spaice,mspaice58@wired.com,Female,Financial Analyst,86598,Sweden
Garwood,Pirouet,gpirouet59@go.com,Male,Geologist I,63106,China
Robbie,Bootyman,rbootyman5a@google.com.au,Female,Social Worker,61206,China
Rorie,Olin,rolin5b@slideshare.net,Female,VP Quality Control,54584,South Africa
Herman,Aicheson,haicheson5c@mac.com,Male,Web Developer III,83063,South Korea
Roxi,Ordish,rordish5d@intel.com,Female,Paralegal,91452,Indonesia
Wilton,Lysons,wlysons5e@imdb.com,Male,Internal Auditor,80808,Indonesia
Fay,Carder,fcarder5f@people.com.cn,Female,Analog Circuit Design manager,54840,China
Base,McMaster,bmcmaster5g@yahoo.co.jp,Male,Financial Advisor,91437,China
Leonid,Reihill,lreihill5h@uol.com.br,Male,Assistant Manager,71966,China
Dallas,Headingham,dheadingham5i@tiny.cc,Female,VP Product Management,98778,Indonesia
Michaella,Ryce,mryce5j@wired.com,Female,Database Administrator I,102423,Indonesia
Murdock,Gaynesford,mgaynesford5k@state.tx.us,Male,Recruiting Manager,67769,Russia
Ariana,Lowin,alowin5l@infoseek.co.jp,Female,Dental Hygienist,104014,China
Casey,McEachern,cmceachern5m@canalblog.com,Male,Administrative Assistant II,46196,Indonesia
Zsazsa,Shalcras,zshalcras5n@histats.com,Female,Web Designer II,49495,China
Rakel,Denmead,rdenmead5o@independent.co.uk,Female,Community Outreach Specialist,95820,Sweden
Claudianus,Pinshon,cpinshon5p@dion.ne.jp,Male,Editor,57206,Mexico
Ferd,Chipping,fchipping5q@bbc.co.uk,Male,Human Resources Assistant II,106790,Russia
Almeria,Rew,arew5r@webnode.com,Female,Speech Pathologist,103801,Brazil
Catherina,Azema,cazema5s@uol.com.br,Female,Tax Accountant,82050,Russia
Brew,Dukelow,bdukelow5t@elegantthemes.com,Male,Recruiting Manager,75570,Indonesia
Dinnie,Maplesden,dmaplesden5u@blogspot.com,Female,Librarian,103629,China
Anetta,Casemore,acasemore5v@wix.com,Female,Marketing Assistant,61611,Brazil
Beret,Nutkin,bnutkin5w@rambler.ru,Female,Analyst Programmer,49857,China
Sidonia,Skarman,sskarman5x@uol.com.br,Female,Business Systems Development Analyst,48102,Russia
Lee,Chinnick,lchinnick5y@canalblog.com,Male,Product Engineer,101963,China
Paolo,McGougan,pmcgougan5z@github.com,Male,Information Systems Manager,70905,China
Fields,Franz-Schoninger,ffranzschoninger60@furl.net,Male,Junior Executive,106354,China
Clem,Aikett,caikett61@symantec.com,Male,VP Marketing,71395,China
Minna,Bridgstock,mbridgstock62@sina.com.cn,Female,Financial Analyst,104110,Brazil
Oswald,Broadbear,obroadbear63@lycos.com,Male,Biostatistician I,104776,China
Ainslie,Tryme,atryme64@joomla.org,Female,Actuary,101562,China
Trisha,Burdess,tburdess65@smh.com.au,Female,Account Coordinator,108120,China
Hayward,Lucken,hlucken66@cbc.ca,Male,Registered Nurse,109749,China
Donnamarie,Speere,dspeere67@tripadvisor.com,Female,Staff Accountant III,78044,China
Doralynne,Raulin,draulin68@blogtalkradio.com,Female,Librarian,103928,United States
Guenevere,Scawn,gscawn69@twitpic.com,Female,Marketing Assistant,50454,Russia
Andreas,Shmyr,ashmyr6a@prweb.com,Male,Occupational Therapist,105798,Indonesia
Antonius,Ventum,aventum6b@sohu.com,Male,Community Outreach Specialist,107481,Russia
Richmond,Labusquiere,rlabusquiere6c@businesswire.com,Male,Quality Control Specialist,67249,United States
Riane,Althrop,ralthrop6d@blog.com,Female,Technical Writer,105885,Brazil
Barbabra,Stryde,bstryde6e@issuu.com,Female,Software Engineer III,65523,China
Ophelie,Garretson,ogarretson6f@usnews.com,Female,Assistant Manager,49535,Russia
Kennedy,Onge,konge6g@bluehost.com,Male,Librarian,85438,China
Roldan,Colyer,rcolyer6h@netscape.com,Male,Budget/Accounting Analyst III,95421,China
Udall,Thebe,uthebe6i@behance.net,Male,Biostatistician I,60555,China
Carver,Mocker,cmocker6j@microsoft.com,Male,VP Sales,89913,Indonesia
Keane,Kerwick,kkerwick6k@mapy.cz,Male,Software Consultant,95021,Japan
Dietrich,Kelbie,dkelbie6l@mayoclinic.com,Male,Budget/Accounting Analyst II,86098,China
Phineas,Bedborough,pbedborough6m@dailymail.co.uk,Male,Sales Representative,46816,Vietnam
Roanne,Masey,rmasey6n@gnu.org,Female,Design Engineer,90792,China
Cissiee,Schulz,cschulz6o@slideshare.net,Female,Administrative Assistant IV,92255,France
Ami,Enriquez,aenriquez6p@dyndns.org,Female,Programmer Analyst IV,50719,New Zealand
Niles,Couling,ncouling6q@aol.com,Male,Budget/Accounting Analyst I,91679,Indonesia
Alethea,Templar,atemplar6r@vk.com,Female,Community Outreach Specialist,85039,China
Thomasina,Herity,therity6s@livejournal.com,Female,Sales Representative,61211,China
Desiri,MacDonell,dmacdonell6t@sun.com,Female,Actuary,55542,Russia
Damien,Byne,dbyne6u@psu.edu,Male,Nurse Practicioner,101216,China
Elmira,Broster,ebroster6v@senate.gov,Female,Geologist I,50211,China
Nikolos,Trasler,ntrasler6w@netlog.com,Male,Structural Analysis Engineer,60260,Indonesia
Merline,Widdecombe,mwiddecombe6x@illinois.edu,Female,Recruiter,50105,China
Hube,Pentelo,hpentelo6y@usatoday.com,Male,Analyst Programmer,52093,Russia
Alla,Meiklem,ameiklem6z@w3.org,Female,Registered Nurse,76527,Indonesia
Vickie,Webburn,vwebburn70@g.co,Female,Registered Nurse,65070,China
Dom,Livingstone,dlivingstone71@gnu.org,Male,VP Quality Control,57313,Brazil
Roy,Balsdon,rbalsdon72@amazon.de,Male,Desktop Support Technician,82097,Indonesia
Nady,Hanhardt,nhanhardt73@npr.org,Female,Legal Assistant,85289,Indonesia
Winny,Lante,wlante74@msn.com,Female,Professor,84117,China
Meggy,Trigg,mtrigg75@linkedin.com,Female,Legal Assistant,103583,Sweden
Jeanelle,Blagbrough,jblagbrough76@ucla.edu,Female,Registered Nurse,56689,Russia
Didi,McCrea,dmccrea77@whitehouse.gov,Female,Financial Advisor,71974,Brazil
Bail,Bettington,bbettington78@macromedia.com,Male,Human Resources Assistant III,86997,China
Amory,Benezeit,abenezeit79@spiegel.de,Male,Account Representative IV,77877,Indonesia
Tani,Brahmer,tbrahmer7a@umn.edu,Female,Human Resources Manager,86014,United States
Eddie,Domanek,edomanek7b@unesco.org,Male,Environmental Tech,82695,United States
Sonya,Bickerstaffe,sbickerstaffe7c@imdb.com,Female,Junior Executive,51366,China
Darill,Howling,dhowling7d@1und1.de,Male,Associate Professor,83211,China
Hamid,Asgodby,hasgodby7e@acquirethisname.com,Male,Tax Accountant,90525,China
Chancey,Kloser,ckloser7f@wunderground.com,Male,Biostatistician IV,63801,France
Shirleen,Eccleston,seccleston7g@shop-pro.jp,Female,Assistant Manager,58867,Brazil
Brena,D'Angeli,bdangeli7h@tmall.com,Female,Web Designer II,64153,China
Micky,Duplock,mduplock7i@goo.ne.jp,Male,Systems Administrator IV,53675,China
Carolee,Prise,cprise7j@symantec.com,Female,Web Developer I,91945,China
Casie,Ottam,cottam7k@vk.com,Female,Actuary,51559,Russia
Sue,Mews,smews7l@npr.org,Female,Health Coach I,66326,United States
Rahel,Dryden,rdryden7m@ifeng.com,Female,Computer Systems Analyst II,104333,China
Delinda,Doig,ddoig7n@state.gov,Female,Food Chemist,69140,China
Annette,Lowder,alowder7o@networksolutions.com,Female,Senior Cost Accountant,103202,Indonesia
Marti,Jiru,mjiru7p@marketwatch.com,Female,Environmental Tech,45891,Japan
Caryl,Marryatt,cmarryatt7q@ovh.net,Female,Human Resources Assistant II,78235,China
Hagan,Taks,htaks7r@utexas.edu,Male,Database Administrator II,65466,South Africa
Abby,Sussex,asussex7s@bloglovin.com,Male,Senior Financial Analyst,66329,Indonesia
Devondra,Sarfati,dsarfati7t@reddit.com,Female,Graphic Designer,91934,China
Flora,Berryann,fberryann7u@cocolog-nifty.com,Female,Senior Sales Associate,77028,China
Margalit,McKinless,mmckinless7v@nationalgeographic.com,Female,Health Coach III,91510,Indonesia
Kingsley,Gurg,kgurg7w@netvibes.com,Male,Software Test Engineer II,73552,Vietnam
Vanessa,Hayley,vhayley7x@fema.gov,Female,Health Coach III,103906,Indonesia
Nadia,Perott,nperott7y@angelfire.com,Female,Human Resources Manager,54472,China
Blanch,Screen,bscreen7z@posterous.com,Female,Financial Analyst,52387,China
Joya,Charsley,jcharsley80@fastcompany.com,Female,Executive Secretary,88577,Brazil
Rachel,Hethron,rhethron81@europa.eu,Female,Structural Analysis Engineer,51378,China
Brigham,Casino,bcasino82@yandex.ru,Male,VP Quality Control,81235,Brazil
Gianna,Rosenstiel,grosenstiel83@nytimes.com,Female,Pharmacist,64697,Brazil
Carce,Aberdalgy,caberdalgy84@nih.gov,Male,Environmental Tech,47409,China
Stevie,Gownge,sgownge85@ed.gov,Male,Senior Sales Associate,77889,Indonesia
Bobby,Ronald,bronald86@github.com,Male,Geological Engineer,91782,China
Montague,Curtayne,mcurtayne87@stanford.edu,Male,Staff Scientist,55543,Saudi Arabia
Hatty,Lloyds,hlloyds88@dell.com,Female,Administrative Officer,64189,Indonesia
Haslett,Winterbotham,hwinterbotham89@archive.org,Male,Developer IV,59418,Brazil
Cletus,Chadney,cchadney8a@gov.uk,Male,Community Outreach Specialist,64189,Indonesia
Prescott,Jude,pjude8b@loc.gov,Male,Programmer IV,49709,Russia
Humfried,Dmitriev,hdmitriev8c@hao123.com,Male,Systems Administrator III,55247,France
Susan,Osipov,sosipov8d@sogou.com,Female,Automation Specialist II,77324,South Africa
Lorant,McPhee,lmcphee8e@theglobeandmail.com,Male,Analyst Programmer,80805,Indonesia
Gail,Cafe,gcafe8f@indiatimes.com,Female,Senior Quality Engineer,61336,Brazil
Leelah,Elvin,lelvin8g@businessinsider.com,Female,VP Sales,46420,Sweden
Jorry,Augur,jaugur8h@flavors.me,Female,Technical Writer,79417,China
Brigit,Collman,bcollman8i@icq.com,Female,VP Sales,72839,Indonesia
Charlena,Kinkaid,ckinkaid8j@cdbaby.com,Female,Speech Pathologist,74217,China
Antoni,Phelit,aphelit8k@prweb.com,Male,Food Chemist,82493,Indonesia
Deedee,Blanque,dblanque8l@baidu.com,Female,Registered Nurse,105517,France
Ryon,Sive,rsive8m@disqus.com,Male,Engineer I,98253,Russia
Bryan,Cattonnet,bcattonnet8n@paginegialle.it,Male,Environmental Tech,45642,China
Felix,Foux,ffoux8o@dagondesign.com,Male,Librarian,46092,United States
Em,Dubble,edubble8p@creativecommons.org,Female,Software Engineer III,68068,China
Madella,de Banke,mdebanke8q@parallels.com,Female,Quality Engineer,46443,Indonesia
Thor,Lowfill,tlowfill8r@1und1.de,Male,Senior Editor,94743,South Korea
Antonio,Blunt,ablunt8s@guardian.co.uk,Male,VP Sales,104699,Thailand
Mischa,Keemer,mkeemer8t@newsvine.com,Male,Assistant Professor,63331,Indonesia
Angel,Thunderchief,athunderchief8u@nps.gov,Male,Staff Scientist,85213,Indonesia
Jeana,Thomasson,jthomasson8v@bing.com,Female,Information Systems Manager,80009,China
Welsh,Wildey,wwildey8w@google.co.jp,Male,Analog Circuit Design manager,71285,China
Major,Wickling,mwickling8x@ustream.tv,Male,Payment Adjustment Coordinator,109329,Indonesia
Adelaida,Rosten,arosten8y@fda.gov,Female,Clinical Specialist,84110,Russia
Tory,Coulthard,tcoulthard8z@mit.edu,Female,Associate Professor,67603,Indonesia
Gillie,O'Docherty,godocherty90@php.net,Female,Professor,74602,Indonesia
Minny,Rosenzwig,mrosenzwig91@aol.com,Female,Design Engineer,79032,Indonesia
Greer,Alti,galti92@unicef.org,Female,Payment Adjustment Coordinator,89761,Vietnam
Markus,Cagan,mcagan93@people.com.cn,Male,Business Systems Development Analyst,81831,Indonesia
Deeyn,Schimank,dschimank94@guardian.co.uk,Female,Account Coordinator,108733,China
Rafferty,Hallaways,rhallaways95@deviantart.com,Male,Speech Pathologist,63042,Indonesia
Udall,Kaplan,ukaplan96@timesonline.co.uk,Male,Sales Associate,67307,Japan
Lauraine,Leele,lleele97@amazonaws.com,Female,Nuclear Power Engineer,66074,United States
Consalve,Croke,ccroke98@nature.com,Male,Software Engineer II,56380,Indonesia
Darryl,Dewick,ddewick99@army.mil,Female,General Manager,53591,Brazil
William,Guidotti,wguidotti9a@feedburner.com,Male,Programmer II,84128,China
Flory,Speere,fspeere9b@abc.net.au,Male,Help Desk Operator,55084,China
Carolan,Saintsbury,csaintsbury9c@prnewswire.com,Female,Environmental Specialist,48916,Indonesia
Cherise,Oakeshott,coakeshott9d@prlog.org,Female,Teacher,66495,China
Matilda,Mouget,mmouget9e@pagesperso-orange.fr,Female,Help Desk Technician,79532,Mexico
Nicolette,Columbell,ncolumbell9f@hibu.com,Female,Software Consultant,79519,Russia
Venita,De Bruyne,vdebruyne9g@live.com,Female,VP Quality Control,107698,China
Milena,Malenoir,mmalenoir9h@amazon.com,Female,Help Desk Technician,57683,United States
Isidro,Rimbault,irimbault9i@harvard.edu,Male,Information Systems Manager,82022,Japan
Giff,Slaymaker,gslaymaker9j@a8.net,Male,Sales Representative,51875,Mexico
Midge,Mobberley,mmobberley9k@theatlantic.com,Female,Statistician III,60605,China
Bud,Trevino,btrevino9l@desdev.cn,Male,Actuary,48323,China
Lorrayne,Penk,lpenk9m@netlog.com,Female,Operator,54638,South Korea
Gweneth,Linbohm,glinbohm9n@ocn.ne.jp,Female,Help Desk Operator,102304,Brazil
Alica,Cordrey,acordrey9o@forbes.com,Female,Account Coordinator,72942,Russia
Lancelot,Bowering,lbowering9p@scientificamerican.com,Male,Financial Analyst,59662,China
Chad,Benedite,cbenedite9q@zimbio.com,Female,Account Coordinator,59636,Brazil
Stillman,Slafford,sslafford9r@usatoday.com,Male,Recruiter,97395,Indonesia
Jemmy,Gwyer,jgwyer9s@cnet.com,Female,Internal Auditor,56135,Indonesia
Killian,Greedy,kgreedy9t@hhs.gov,Male,Web Designer III,82990,Indonesia
Teodoro,Shepherdson,tshepherdson9u@linkedin.com,Male,Design Engineer,96056,Brazil
Mamie,Andrzejowski,mandrzejowski9v@dagondesign.com,Female,Account Executive,58680,Russia
Bertram,Dudeney,bdudeney9w@so-net.ne.jp,Male,Teacher,50763,Indonesia
Britni,Leavold,bleavold9x@prlog.org,Female,Junior Executive,96834,Indonesia
Winny,Munday,wmunday9y@newsvine.com,Female,Analog Circuit Design manager,94242,Indonesia
Marnie,Tolomei,mtolomei9z@homestead.com,Female,Geologist III,64474,Indonesia
Russ,Dawson,rdawsona0@vinaora.com,Male,Chemical Engineer,61019,China
Kerrill,O'Sheils,kosheilsa1@xinhuanet.com,Female,Chief Design Engineer,109850,China
Michal,Gehringer,mgehringera2@blogs.com,Male,Chief Design Engineer,99566,Indonesia
Ivonne,Goodley,igoodleya3@guardian.co.uk,Female,General Manager,76074,Indonesia
Zak,Belk,zbelka4@cpanel.net,Male,Payment Adjustment Coordinator,104525,Thailand
Giovanni,Skyppe,gskyppea5@sohu.com,Male,Budget/Accounting Analyst III,102599,Indonesia
Orson,Kroll,okrolla6@jimdo.com,Male,Budget/Accounting Analyst III,91625,China
Doug,Wakes,dwakesa7@typepad.com,Male,Legal Assistant,93312,Russia
Harold,Pegg,hpegga8@theatlantic.com,Male,Desktop Support Technician,66707,Russia
Carlo,Binny,cbinnya9@accuweather.com,Male,Developer III,45621,China
Licha,Child,lchildaa@buzzfeed.com,Female,Office Assistant III,109766,New Zealand
Anjanette,Letten,alettenab@4shared.com,Female,Database Administrator III,77473,Indonesia
Corty,Badwick,cbadwickac@nydailynews.com,Male,Legal Assistant,67635,Indonesia
Kiersten,Sylett,ksylettad@jimdo.com,Female,Administrative Assistant III,96089,China
Essa,Romanski,eromanskiae@usatoday.com,Female,VP Quality Control,63831,China
Crysta,Chaff,cchaffaf@dmoz.org,Female,Physical Therapy Assistant,104122,United States
Leonelle,Brinkler,lbrinklerag@clickbank.net,Female,Registered Nurse,72720,Russia
Gloriana,McQuillan,gmcquillanah@sakura.ne.jp,Female,Internal Auditor,101139,China
Rachelle,Beebis,rbeebisai@squarespace.com,Female,Senior Cost Accountant,97243,United States
Towny,Molohan,tmolohanaj@yellowpages.com,Male,Professor,73547,Russia
Bruis,Dudbridge,bdudbridgeak@samsung.com,Male,Information Systems Manager,94112,Sweden
Zach,Moncrieffe,zmoncrieffeal@ocn.ne.jp,Male,Senior Quality Engineer,98056,Russia
Arel,O'Hartnedy,aohartnedyam@bbc.co.uk,Male,Dental Hygienist,77269,Brazil
Katalin,Pabel,kpabelan@noaa.gov,Female,Research Assistant IV,62068,Indonesia
Garrett,Kores,gkoresao@un.org,Male,Sales Representative,53977,Indonesia
Tris,Treher,ttreherap@amazon.co.uk,Male,Safety Technician III,105591,Sweden
Mandie,Littlecote,mlittlecoteaq@printfriendly.com,Female,Junior Executive,80696,Malaysia
Hayyim,Winsom,hwinsomar@mysql.com,Male,Dental Hygienist,70357,China
Karlotta,Tonkinson,ktonkinsonas@nps.gov,Female,VP Sales,77685,Japan
Kellyann,Middleweek,kmiddleweekat@wix.com,Female,Editor,83267,China
Junie,Du Fray,jdufrayau@nasa.gov,Female,Clinical Specialist,101332,Brazil
Trudy,Skydall,tskydallav@apache.org,Female,Web Designer II,53022,Russia
Delcina,Roebottom,droebottomaw@bloglines.com,Female,Tax Accountant,49781,China
Zenia,Rosenblad,zrosenbladax@timesonline.co.uk,Female,Health Coach IV,88132,Indonesia
Jermayne,Romanetti,jromanettiay@creativecommons.org,Male,VP Accounting,99596,Indonesia
Chad,Shard,cshardaz@nps.gov,Male,Structural Engineer,86623,Indonesia
Annamarie,Permain,apermainb0@zdnet.com,Female,Paralegal,84368,Indonesia
Moses,Scullion,mscullionb1@google.ca,Male,Nurse Practicioner,99426,Russia
Bambie,Cottesford,bcottesfordb2@amazon.de,Female,Media Manager I,83227,Indonesia
Deana,Shemmin,dshemminb3@com.com,Female,Occupational Therapist,96254,United States
Sherm,Bampforth,sbampforthb4@nih.gov,Male,Data Coordinator,107490,China
Vince,Keijser,vkeijserb5@is.gd,Male,Director of Sales,77217,South Korea
Levi,Oger,logerb6@google.com.au,Male,Research Nurse,104251,China
Judith,Mellody,jmellodyb7@google.cn,Female,Software Engineer II,100128,China
Erny,Defraine,edefraineb8@t.co,Male,Analyst Programmer,96927,China
Langsdon,Mc Elory,lmceloryb9@networksolutions.com,Male,Staff Scientist,64067,China
Vite,Dullaghan,vdullaghanba@moonfruit.com,Male,Financial Advisor,90584,China
Ruthi,Cadwallader,rcadwalladerbb@cloudflare.com,Female,Senior Cost Accountant,96218,Sweden
Drusi,Suggate,dsuggatebc@wikipedia.org,Female,Product Engineer,72807,China
Charil,Tejero,ctejerobd@webmd.com,Female,Librarian,62932,Indonesia
Umberto,Mursell,umursellbe@gov.uk,Male,Accounting Assistant IV,107663,China
Colver,Ludford,cludfordbf@amazon.de,Male,Administrative Assistant IV,103879,Saudi Arabia
Bryce,Lethcoe,blethcoebg@discovery.com,Male,Help Desk Operator,93977,China
Rhodia,Ennion,rennionbh@epa.gov,Female,Physical Therapy Assistant,93181,China
Hestia,Faich,hfaichbi@xinhuanet.com,Female,Technical Writer,56908,China
Shane,Sextie,ssextiebj@purevolume.com,Female,Financial Advisor,99655,China
Roxy,Mendenhall,rmendenhallbk@dailymotion.com,Female,Structural Engineer,69392,Russia
Marne,McPharlain,mmcpharlainbl@seattletimes.com,Female,Statistician I,50745,China
Amerigo,Scarth,ascarthbm@ucla.edu,Male,Geologist IV,57148,China
Alicia,Penvarne,apenvarnebn@adobe.com,Female,Data Coordinator,61941,China
Thoma,Bush,tbushbo@psu.edu,Male,Software Test Engineer II,69217,China
Vaclav,Bramich,vbramichbp@last.fm,Male,Paralegal,49240,Indonesia
Reginauld,Hansbury,rhansburybq@geocities.com,Male,Physical Therapy Assistant,73310,Brazil
Selby,Savill,ssavillbr@answers.com,Male,Senior Quality Engineer,97295,Russia
Beverly,Syncke,bsynckebs@tiny.cc,Female,Social Worker,64831,Malaysia
Elvyn,Cracknell,ecracknellbt@cdc.gov,Male,Developer II,69377,Indonesia
Alidia,Tomasoni,atomasonibu@theatlantic.com,Female,Safety Technician IV,88084,China
Adria,Henryson,ahenrysonbv@gmpg.org,Female,Staff Scientist,57453,Sweden
Kally,Epdell,kepdellbw@exblog.jp,Female,GIS Technical Architect,78146,Indonesia
Michell,Billett,mbillettbx@istockphoto.com,Female,Dental Hygienist,79311,Russia
Livvie,Spurgin,lspurginby@spiegel.de,Female,Pharmacist,92790,Mexico
Genia,Plascott,gplascottbz@sun.com,Female,Software Test Engineer I,52321,Brazil
Eziechiele,Gristock,egristockc0@harvard.edu,Male,Nurse,92214,China
Antoni,Sans,asansc1@craigslist.org,Male,Financial Advisor,55646,China
Aguistin,Moodey,amoodeyc2@domainmarket.com,Male,Junior Executive,50109,China
Emelina,Ielden,eieldenc3@t-online.de,Female,VP Sales,76791,Russia
Giffy,Gregr,ggregrc4@google.cn,Male,Marketing Assistant,75385,Thailand
Cart,Notley,cnotleyc5@sciencedirect.com,Male,Editor,79805,Brazil
Karim,Lydiate,klydiatec6@ocn.ne.jp,Male,Systems Administrator IV,96790,China
Emilee,Beachamp,ebeachampc7@imageshack.us,Female,Systems Administrator I,54511,Japan
Melody,Coyle,mcoylec8@zimbio.com,Female,Engineer I,90189,Brazil
Gilberte,Belchem,gbelchemc9@mashable.com,Female,Computer Systems Analyst IV,78199,United States
Ichabod,Longford,ilongfordca@nydailynews.com,Male,Marketing Manager,72187,China
Patrick,McCallam,pmccallamcb@flavors.me,Male,Mechanical Systems Engineer,61586,China
Lilah,Chapiro,lchapirocc@ehow.com,Female,Staff Scientist,82620,Sweden
Martin,Boddy,mboddycd@t.co,Male,Internal Auditor,88056,Brazil
Marge,Lackemann,mlackemannce@wikipedia.org,Female,Director of Sales,107786,China
Mickey,Bessey,mbesseycf@rakuten.co.jp,Male,Paralegal,92305,China
Dacie,Skala,dskalacg@liveinternet.ru,Female,Actuary,65552,China
Doretta,Corteis,dcorteisch@chronoengine.com,Female,Food Chemist,63100,China
Shadow,Gooderson,sgoodersonci@wordpress.org,Male,Registered Nurse,73851,Indonesia
Winifield,Whebell,wwhebellcj@topsy.com,Male,Environmental Specialist,102565,China
Corabelle,Roughsedge,croughsedgeck@posterous.com,Female,Database Administrator II,89573,China
Benita,Werrit,bwerritcl@independent.co.uk,Female,Database Administrator I,107567,Russia
Stevy,Greeveson,sgreevesoncm@quantcast.com,Male,Budget/Accounting Analyst IV,90932,New Zealand
Lydon,Skule,lskulecn@blogs.com,Male,Chief Design Engineer,88806,France
Hyacinthie,Higounet,hhigounetco@si.edu,Female,Research Associate,104272,China
Catarina,Paute,cpautecp@clickbank.net,Female,Cost Accountant,106049,China
Koenraad,Brookes,kbrookescq@biglobe.ne.jp,Male,Accounting Assistant I,85850,China
Ewell,McCaskill,emccaskillcr@nationalgeographic.com,Male,VP Sales,46501,China
Dilly,Gaylard,dgaylardcs@nbcnews.com,Male,General Manager,84740,Indonesia
Mag,Aspole,maspolect@addtoany.com,Female,General Manager,87768,Indonesia
Rochella,Donnelly,rdonnellycu@photobucket.com,Female,Nurse Practicioner,106176,Russia
Stevy,Szreter,sszretercv@google.co.jp,Male,Editor,70052,France
Lexi,Duffell,lduffellcw@fastcompany.com,Female,Geological Engineer,107483,Russia
Correna,Obee,cobeecx@tripadvisor.com,Female,Environmental Specialist,87232,China
Forester,Bucke,fbuckecy@vk.com,Male,Nurse,75925,Mexico
Anne-marie,Digges,adiggescz@nationalgeographic.com,Female,VP Product Management,58248,Indonesia
Tobe,Packwood,tpackwoodd0@rakuten.co.jp,Female,Desktop Support Technician,80643,Brazil
Scot,Ogilvy,sogilvyd1@seattletimes.com,Male,Account Executive,53258,Japan
Jeremy,Tucker,jtuckerd2@google.nl,Male,Research Associate,74658,China
Eda,Divisek,edivisekd3@ehow.com,Female,Biostatistician III,63195,China
Chaddie,Treweela,ctreweelad4@state.tx.us,Male,Assistant Professor,104756,Indonesia
Carilyn,Collar,ccollard5@mozilla.org,Female,Analyst Programmer,94353,China
Myrwyn,MacInherney,mmacinherneyd6@delicious.com,Male,Software Consultant,84799,China
Mahalia,Christian,mchristiand7@ebay.com,Female,Software Test Engineer II,100345,South Africa
Nicolis,Oxe,noxed8@nymag.com,Male,Web Designer IV,98226,Sweden
Ali,Boner,abonerd9@friendfeed.com,Female,Electrical Engineer,70495,Indonesia
Abbie,Dickerline,adickerlineda@wordpress.org,Female,Chief Design Engineer,109636,Thailand
Sidoney,Sacks,ssacksdb@webeden.co.uk,Female,Engineer III,50700,South Korea
Vernon,Dadley,vdadleydc@walmart.com,Male,Marketing Assistant,87543,Mexico
Bram,Perview,bperviewdd@bandcamp.com,Male,Human Resources Manager,76507,China
Cinda,Hanscombe,chanscombede@soup.io,Female,VP Quality Control,46164,China
Dominica,Feetham,dfeethamdf@google.nl,Female,Assistant Media Planner,96089,Malaysia
Udale,Minchinden,uminchindendg@ihg.com,Male,Help Desk Operator,99973,Russia
Terencio,Anear,taneardh@whitehouse.gov,Male,Systems Administrator I,52524,France
Tedd,Trenholme,ttrenholmedi@acquirethisname.com,Male,Product Engineer,86581,Brazil
Amye,Weighell,aweighelldj@redcross.org,Female,Electrical Engineer,57934,Indonesia
Jarrod,Mountney,jmountneydk@sourceforge.net,Male,Media Manager II,59735,China
Norbie,Bennett,nbennettdl@ifeng.com,Male,Help Desk Technician,81699,Brazil
Lukas,Terbrugge,lterbruggedm@csmonitor.com,Male,Marketing Manager,68079,Indonesia
Raffaello,Tanswell,rtanswelldn@163.com,Male,Desktop Support Technician,52504,Russia
Griffin,Arndt,garndtdo@baidu.com,Male,Programmer Analyst I,53345,Indonesia
Brandy,Haseley,bhaseleydp@opensource.org,Male,Statistician IV,90908,France
Mariam,Speek,mspeekdq@moonfruit.com,Female,Pharmacist,70602,Indonesia
Kissee,Skells,kskellsdr@mapquest.com,Female,Financial Analyst,78399,China
Antone,Hagart,ahagartds@dot.gov,Male,Nurse Practicioner,56430,United States
Jessy,Bossom,jbossomdt@cbslocal.com,Female,Structural Engineer,52255,China
Andee,Sarten,asartendu@wufoo.com,Female,Software Engineer IV,97819,United States
Shelagh,Barnicott,sbarnicottdv@intel.com,Female,Help Desk Operator,62815,Thailand
Carissa,Lowdiane,clowdianedw@istockphoto.com,Female,Account Coordinator,45917,Russia
Octavius,Smickle,osmickledx@google.com.br,Male,Dental Hygienist,103382,China
Floria,Leggon,fleggondy@geocities.com,Female,Marketing Manager,60324,Sweden
Joana,Zammitt,jzammittdz@i2i.jp,Female,Civil Engineer,72970,Indonesia
Hube,Ziemsen,hziemsene0@dmoz.org,Male,Librarian,58938,China
Corbett,Boocock,cboococke1@geocities.com,Male,Desktop Support Technician,79821,Indonesia
Emili,Slatter,eslattere2@sciencedirect.com,Female,Legal Assistant,102325,Brazil
Jody,Spong,jsponge3@canalblog.com,Male,Sales Representative,64077,France
Wilbert,Symcock,wsymcocke4@buzzfeed.com,Male,Software Engineer III,101634,South Africa
Evy,Brunsen,ebrunsene5@loc.gov,Female,Developer IV,49121,Brazil
Bayard,Kolakowski,bkolakowskie6@addthis.com,Male,Senior Financial Analyst,104665,China
Matthus,Talloe,mtalloee7@w3.org,Male,Developer III,90425,Indonesia
Cirilo,Cawsy,ccawsye8@boston.com,Male,Nurse Practicioner,60159,Russia
Berthe,Hudel,bhudele9@seesaa.net,Female,Senior Cost Accountant,64215,China
Sosanna,Kembley,skembleyea@wix.com,Female,Environmental Tech,105627,China
Tanhya,Hasnney,thasnneyeb@oracle.com,Female,Civil Engineer,53465,China
Rachele,Eyden,reydenec@cbsnews.com,Female,Analyst Programmer,107077,China
Filia,Warre,fwarreed@slashdot.org,Female,Geological Engineer,97625,Brazil
Benton,Crichmer,bcrichmeree@dedecms.com,Male,Quality Engineer,46943,China
Deb,Rayburn,drayburnef@ftc.gov,Female,Information Systems Manager,97497,Indonesia
Faydra,Franzoli,ffranzolieg@seattletimes.com,Female,Clinical Specialist,74443,China
Tallie,Jatczak,tjatczakeh@mayoclinic.com,Male,Analyst Programmer,85793,Russia
Allyson,Staynes,astaynesei@eepurl.com,Female,Nuclear Power Engineer,80228,China
Randie,Cable,rcableej@bizjournals.com,Female,Legal Assistant,87418,France
Batsheva,Claussen,bclaussenek@ameblo.jp,Female,Office Assistant IV,68788,China
Borden,Mailey,bmaileyel@seesaa.net,Male,Director of Sales,51137,China
Ulysses,Guiducci,uguiducciem@hibu.com,Male,Nurse Practicioner,69123,Indonesia
Obidiah,Hakonsen,ohakonsenen@yahoo.com,Male,Account Representative III,62835,Russia
Gabriello,Cuncliffe,gcuncliffeeo@com.com,Male,Senior Developer,46340,Russia
Susi,Rowth,srowthep@upenn.edu,Female,Sales Representative,107003,Sweden
Rhett,Cade,rcadeeq@hexun.com,Male,GIS Technical Architect,76239,China
Kylie,Mundle,kmundleer@springer.com,Male,Accountant II,81316,Indonesia
Cecile,Norcock,cnorcockes@canalblog.com,Female,Senior Quality Engineer,99247,South Africa
Abdel,Moncarr,amoncarret@bigcartel.com,Male,Engineer IV,70955,Indonesia
Kris,Yesinin,kyesinineu@thetimes.co.uk,Male,Analyst Programmer,57809,Vietnam
Adriena,Alanbrooke,aalanbrookeev@dell.com,Female,Account Representative II,100753,Russia
Shanie,Mulhall,smulhallew@blogs.com,Female,Electrical Engineer,96087,United States
Doyle,de Chastelain,ddechastelainex@shutterfly.com,Male,Quality Engineer,71407,United States
Horace,Hehl,hhehley@eventbrite.com,Male,Account Coordinator,47874,China
Chad,Marke,cmarkeez@soundcloud.com,Male,Technical Writer,94457,China
Igor,Crennan,icrennanf0@nydailynews.com,Male,Mechanical Systems Engineer,76862,Indonesia
Hamish,Mate,hmatef1@google.ca,Male,Programmer Analyst IV,103064,France
Casper,Tarbatt,ctarbattf2@miitbeian.gov.cn,Male,Computer Systems Analyst III,51767,United States
Orsa,Beades,obeadesf3@redcross.org,Female,Recruiting Manager,58141,Indonesia
George,Stelli,gstellif4@oaic.gov.au,Female,Chemical Engineer,96927,China
Ezequiel,Scarsbrooke,escarsbrookef5@tiny.cc,Male,Editor,45000,Sweden
Tessie,Greenstock,tgreenstockf6@vk.com,Female,Administrative Officer,48198,China
Fredelia,Collymore,fcollymoref7@myspace.com,Female,Internal Auditor,55752,New Zealand
Evanne,Aldie,ealdief8@csmonitor.com,Female,Research Nurse,109097,Thailand
Ansel,Lyard,alyardf9@umich.edu,Male,Product Engineer,107193,China
Therese,Laurance,tlaurancefa@jugem.jp,Female,Chief Design Engineer,85153,France
Malia,Bawcock,mbawcockfb@topsy.com,Female,Safety Technician IV,102857,France
Tressa,Riddell,triddellfc@tuttocitta.it,Female,Geological Engineer,55115,Russia
Dode,Megson,dmegsonfd@usnews.com,Female,Health Coach I,52037,France
Alaine,O'Corr,aocorrfe@un.org,Female,Structural Engineer,50095,Japan
Edik,Duiged,eduigedff@deviantart.com,Male,Safety Technician III,64772,Indonesia
Therine,Graser,tgraserfg@mysql.com,Female,Engineer III,51930,United States
Axel,MacCroary,amaccroaryfh@telegraph.co.uk,Male,Graphic Designer,69580,China
Coleen,Branscombe,cbranscombefi@nymag.com,Female,Statistician III,108429,Russia
Rochester,Genney,rgenneyfj@hubpages.com,Male,Software Test Engineer IV,104185,Brazil
Brandy,Germon,bgermonfk@timesonline.co.uk,Female,Media Manager IV,96213,France
Aubrette,Chavey,achaveyfl@tripod.com,Female,Internal Auditor,45035,France
Enid,Claxton,eclaxtonfm@webmd.com,Female,Administrative Assistant II,74062,Sweden
Chane,Sunners,csunnersfn@webnode.com,Male,Web Developer III,109945,China
Ira,Borless,iborlessfo@google.es,Male,Junior Executive,81267,Russia
Bary,Dive,bdivefp@msu.edu,Male,Safety Technician II,74038,China
Irv,Lasham,ilashamfq@forbes.com,Male,Chief Design Engineer,109348,Indonesia
Shurlocke,Prinne,sprinnefr@globo.com,Male,Senior Developer,50594,Indonesia
Libby,Dabrowski,ldabrowskifs@oaic.gov.au,Female,Research Nurse,49626,Japan
Janet,Turbat,jturbatft@ft.com,Female,Quality Engineer,60120,Indonesia
Felizio,Knott,fknottfu@mit.edu,Male,Account Representative IV,74105,China
Michel,Rogeon,mrogeonfv@fda.gov,Male,Sales Representative,72941,Thailand
Hyacinthie,Scorton,hscortonfw@uiuc.edu,Female,Research Nurse,91348,Malaysia
Any,Colbertson,acolbertsonfx@prnewswire.com,Male,VP Sales,80161,United States
Dominique,Deaton,ddeatonfy@unblog.fr,Female,Graphic Designer,53699,China
Jada,Martina,jmartinafz@wunderground.com,Female,Analyst Programmer,56093,China
Idelle,Blackleech,iblackleechg0@google.ru,Female,Editor,66869,Russia
Angy,Mallindine,amallindineg1@umich.edu,Female,Nurse,94953,China
Tammara,Jarmaine,tjarmaineg2@blogs.com,Female,VP Accounting,46339,United States
Ernesta,Kernes,ekernesg3@addthis.com,Female,Financial Advisor,46343,Brazil
Isadore,Keogh,ikeoghg4@rambler.ru,Male,Staff Accountant III,87310,China
Mellisent,Newcomb,mnewcombg5@cocolog-nifty.com,Female,Web Designer III,104083,Japan
Mariejeanne,Tillard,mtillardg6@stanford.edu,Female,Programmer I,108754,Indonesia
Clevie,Gemnett,cgemnettg7@yolasite.com,Male,Physical Therapy Assistant,56334,China
Manda,Phipp,mphippg8@vistaprint.com,Female,Quality Control Specialist,108695,China
Denys,Yeskov,dyeskovg9@mashable.com,Male,VP Marketing,102534,Indonesia
Aubine,Dabel,adabelga@bloomberg.com,Female,Geologist III,86626,China
Raddy,Vala,rvalagb@theatlantic.com,Male,Nurse,95050,China
Susanetta,Iacovides,siacovidesgc@naver.com,Female,General Manager,57901,Indonesia
Madelon,Hallyburton,mhallyburtongd@spiegel.de,Female,Civil Engineer,50488,China
Nicolais,Micklem,nmicklemge@prweb.com,Male,Pharmacist,82334,Indonesia
Camella,Banaszewski,cbanaszewskigf@indiatimes.com,Female,Help Desk Operator,59196,China
Torrance,Wallen,twallengg@wiley.com,Male,Database Administrator I,83773,China
Curcio,Broek,cbroekgh@posterous.com,Male,Pharmacist,55939,China
Rowney,Garham,rgarhamgi@si.edu,Male,Business Systems Development Analyst,86626,China
Adamo,Harries,aharriesgj@blogspot.com,Male,Civil Engineer,71784,China
Ermanno,Braga,ebragagk@tumblr.com,Male,Marketing Assistant,45988,Indonesia
Cherise,Mathe,cmathegl@icq.com,Female,Quality Engineer,108005,China
Devi,Bonar,dbonargm@ucoz.ru,Female,Legal Assistant,104608,China
Evie,Ielden,eieldengn@lulu.com,Female,Human Resources Manager,61288,Indonesia
Joachim,Croser,jcrosergo@redcross.org,Male,Research Nurse,61191,Japan
Hilliard,Weildish,hweildishgp@delicious.com,Male,Programmer II,109768,Sweden
Terrance,Mingo,tmingogq@freewebs.com,Male,Librarian,69788,Brazil
Sharyl,Sor,ssorgr@eepurl.com,Female,VP Accounting,76874,Japan
Kennan,Gaukroger,kgaukrogergs@narod.ru,Male,Senior Financial Analyst,57260,China
Diego,Espinosa,despinosagt@bloglovin.com,Male,Dental Hygienist,61317,China
Essie,Fleckno,eflecknogu@mashable.com,Female,Clinical Specialist,92647,China
Merola,Baudic,mbaudicgv@scribd.com,Female,Data Coordinator,67145,China
Felicdad,Licciardi,flicciardigw@wikipedia.org,Female,Product Engineer,76989,China
Maxie,Tandy,mtandygx@quantcast.com,Female,Physical Therapy Assistant,62354,Japan
Alys,Snalom,asnalomgy@chron.com,Female,Geologist III,80592,China
Fernando,Graveston,fgravestongz@yellowpages.com,Male,Environmental Tech,82270,Indonesia
Micky,Earthfield,mearthfieldh0@disqus.com,Male,Operator,105987,China
Lindon,Weatherley,lweatherleyh1@tiny.cc,Male,Social Worker,92600,Indonesia
Fred,Bricket,fbricketh2@pagesperso-orange.fr,Male,Automation Specialist III,67166,Japan
Ianthe,Bleyman,ibleymanh3@about.me,Female,Analyst Programmer,54462,Thailand
Truman,Skahill,tskahillh4@fda.gov,Male,Director of Sales,54147,United States
Nanete,McNiven,nmcnivenh5@ow.ly,Female,Civil Engineer,92206,China
Mignonne,Tussaine,mtussaineh6@blogs.com,Female,Actuary,74386,France
Riley,Tomasz,rtomaszh7@phoca.cz,Male,Teacher,64164,China
Benoit,Shackleton,bshackletonh8@devhub.com,Male,Automation Specialist IV,109129,France
Betteanne,Corben,bcorbenh9@bigcartel.com,Female,VP Accounting,59503,Brazil
Etty,Livens,elivensha@delicious.com,Female,Analog Circuit Design manager,82212,France
Geordie,Blackader,gblackaderhb@skype.com,Male,Director of Sales,75270,China
Horten,Sprigg,hsprigghc@psu.edu,Male,Developer IV,73971,China
Heall,Moyes,hmoyeshd@indiatimes.com,Male,VP Sales,90429,China
Mayor,Masterman,mmastermanhe@go.com,Male,Occupational Therapist,91321,South Africa
Tricia,Bigley,tbigleyhf@seattletimes.com,Female,Dental Hygienist,69971,China
Maxi,de Cullip,mdeculliphg@chronoengine.com,Female,Software Consultant,84886,China
Cheri,Dulany,cdulanyhh@nationalgeographic.com,Female,GIS Technical Architect,94690,China
Amandi,Rawcliffe,arawcliffehi@yellowbook.com,Female,Software Consultant,68170,Japan
Lian,Rizzi,lrizzihj@usnews.com,Female,Staff Scientist,50410,Indonesia
Rae,Boyles,rboyleshk@freewebs.com,Female,Editor,85519,China
Clayson,Brookes,cbrookeshl@economist.com,Male,Human Resources Assistant III,104239,Brazil
Peder,Heales,phealeshm@dion.ne.jp,Male,Actuary,100950,Russia
Bart,Zylberdik,bzylberdikhn@bloomberg.com,Male,Occupational Therapist,92072,Indonesia
Berny,Jeandillou,bjeandillouho@ovh.net,Female,Analyst Programmer,63620,China
Donnamarie,Cuseck,dcuseckhp@ed.gov,Female,Quality Control Specialist,107566,Japan
Rebbecca,Leftridge,rleftridgehq@imageshack.us,Female,Registered Nurse,104257,China
Robinetta,Duberry,rduberryhr@fda.gov,Female,Administrative Officer,108158,China
Clementius,Schulze,cschulzehs@adobe.com,Male,Geologist IV,72884,Brazil
Darda,Fancourt,dfancourtht@flavors.me,Female,Professor,99061,Thailand
Mollee,Summerlad,msummerladhu@thetimes.co.uk,Female,Software Consultant,108292,Russia
Matthaeus,Beamont,mbeamonthv@economist.com,Male,Chief Design Engineer,63766,Indonesia
Adriaens,Drayson,adraysonhw@ehow.com,Female,Junior Executive,70352,Brazil
Towny,Kimbling,tkimblinghx@google.de,Male,Civil Engineer,0,Indonesia
Bastien,Dutch,bdutchhy@ovh.net,Male,Assistant Manager,93718,China
Willy,Avrahamof,wavrahamofhz@1und1.de,Female,Payment Adjustment Coordinator,77128,Indonesia
Ursola,Snell,usnelli0@slideshare.net,Female,Help Desk Technician,52019,Indonesia
Travus,Passe,tpassei1@cpanel.net,Male,Account Representative IV,91508,France
Eddy,Tash,etashi2@is.gd,Male,Software Engineer II,88494,Russia
Manfred,Lampitt,mlampitti3@devhub.com,Male,Human Resources Manager,74272,China
Marrilee,Bedo,mbedoi4@seattletimes.com,Female,Technical Writer,62997,Indonesia
Celinda,Dyche,cdychei5@ebay.co.uk,Female,Actuary,109052,France
Leandra,Kiernan,lkiernani6@hostgator.com,Female,Administrative Assistant II,71446,China
Lyndsey,McArthur,lmcarthuri7@typepad.com,Female,Chief Design Engineer,88845,Japan
Mira,Rosekilly,mrosekillyi8@weibo.com,Female,Senior Cost Accountant,46101,Sweden
Terencio,Mence,tmencei9@jimdo.com,Male,Desktop Support Technician,70909,Russia
Sammie,Tristram,stristramia@usatoday.com,Male,Senior Quality Engineer,73864,Australia
Elfrieda,Davidsen,edavidsenib@amazon.com,Female,Software Test Engineer III,83714,Russia
Portia,Patillo,ppatilloic@feedburner.com,Female,Actuary,77547,Russia
Ertha,Allibone,ealliboneid@nba.com,Female,Geological Engineer,60518,China
Patin,Bleibaum,pbleibaumie@yandex.ru,Male,Staff Accountant IV,83291,China
Damaris,Cotterell,dcotterellif@artisteer.com,Female,Nurse,53886,Indonesia
Jaime,Gaitskill,jgaitskillig@go.com,Male,Safety Technician IV,79630,Indonesia
Carol-jean,Kleine,ckleineih@mozilla.org,Female,Pharmacist,97571,Japan
Jody,Shubotham,jshubothamii@time.com,Male,Office Assistant II,77448,China
Emerson,Heugel,eheugelij@sitemeter.com,Male,Tax Accountant,61638,China
Harald,Meeking,hmeekingik@oaic.gov.au,Male,Pharmacist,80555,China
Juan,Jee,jjeeil@cpanel.net,Male,Business Systems Development Analyst,100154,China
Gavrielle,Melendez,gmelendezim@telegraph.co.uk,Female,Project Manager,88629,Russia
Isabel,Paradis,iparadisin@spotify.com,Female,General Manager,61802,Russia
Sigfrid,Benois,sbenoisio@infoseek.co.jp,Male,Internal Auditor,75656,Brazil
Brander,Woodes,bwoodesip@latimes.com,Male,VP Product Management,109141,China
Tomi,Brognot,tbrognotiq@blogger.com,Female,Nurse Practicioner,98178,China
Stanford,Levesley,slevesleyir@github.io,Male,Structural Analysis Engineer,56155,China
Sigismondo,Knee,skneeis@webs.com,Male,VP Accounting,88292,Indonesia
Adelle,Beacock,abeacockit@tumblr.com,Female,Operator,85603,Indonesia
Reynold,Dillet,rdilletiu@multiply.com,Male,Account Representative IV,61463,Indonesia
Jereme,Twittey,jtwitteyiv@sogou.com,Male,Technical Writer,56823,China
Kerwinn,McTaggart,kmctaggartiw@reddit.com,Male,Geological Engineer,107233,Indonesia
Willyt,Ivanuschka,wivanuschkaix@whitehouse.gov,Female,Software Test Engineer I,52673,China
Howard,Lawey,hlaweyiy@senate.gov,Male,Assistant Professor,71974,China
Thedrick,Halston,thalstoniz@theglobeandmail.com,Male,Chief Design Engineer,66291,Indonesia
Lek,Challen,lchallenj0@toplist.cz,Male,Operator,64150,China
Gladi,Meaders,gmeadersj1@columbia.edu,Female,Environmental Specialist,95859,China
Humfrey,Sneller,hsnellerj2@furl.net,Male,Registered Nurse,77502,Japan
Marika,Stollmeier,mstollmeierj3@geocities.com,Female,Software Consultant,75331,China
Carleton,Kennet,ckennetj4@chronoengine.com,Male,Operator,56149,Russia
Mac,Obbard,mobbardj5@unblog.fr,Male,Help Desk Operator,73322,Mexico
Liana,Cleugher,lcleugherj6@dyndns.org,Female,Physical Therapy Assistant,56346,United States
Tanney,Tregian,ttregianj7@nydailynews.com,Male,Registered Nurse,80269,China
Nowell,Giovanizio,ngiovanizioj8@toplist.cz,Male,Media Manager I,99842,Indonesia
Granny,Lattimer,glattimerj9@t.co,Male,Junior Executive,68631,France
Willdon,Cairns,wcairnsja@foxnews.com,Male,Structural Engineer,49796,Indonesia
Beatrix,Bridie,bbridiejb@cdbaby.com,Female,Food Chemist,99702,United Kingdom
Izzy,Benediktovich,ibenediktovichjc@desdev.cn,Male,Senior Editor,78771,Indonesia
Willetta,Ridger,wridgerjd@cnn.com,Female,Librarian,52326,China
Avery,Chinnick,achinnickje@dropbox.com,Male,Automation Specialist I,95404,Indonesia
Valerye,Simonsson,vsimonssonjf@blinklist.com,Female,Internal Auditor,96656,Russia
Tessy,Crosdill,tcrosdilljg@mail.ru,Female,Statistician III,66491,Mexico
Arty,Gawler,agawlerjh@pcworld.com,Male,Database Administrator II,105268,Indonesia
Miner,Limpertz,mlimpertzji@sohu.com,Male,Speech Pathologist,75191,Russia
Benjie,Dimitrijevic,bdimitrijevicjj@google.es,Male,Assistant Professor,84609,China
Michaelina,Brame,mbramejk@newyorker.com,Female,Recruiting Manager,54862,Indonesia
Bernardo,Jenkin,bjenkinjl@nih.gov,Male,Structural Engineer,54780,France
Steward,Petrello,spetrellojm@engadget.com,Male,Programmer Analyst II,46292,China
Joli,Hustings,jhustingsjn@cloudflare.com,Female,Editor,66078,Indonesia
Gris,Taylder,gtaylderjo@indiatimes.com,Male,VP Accounting,89837,Indonesia
Arne,Petruszka,apetruszkajp@wikia.com,Male,Operator,86091,Vietnam
Grove,Larham,glarhamjq@bbc.co.uk,Male,VP Product Management,62517,Russia
Allyce,Pyrah,apyrahjr@jalbum.net,Female,Actuary,88296,France
Dag,Muncey,dmunceyjs@phpbb.com,Male,Database Administrator I,56750,Indonesia
Ebony,Jordi,ejordijt@google.nl,Female,Mechanical Systems Engineer,85946,China
Martina,Fellis,mfellisju@bizjournals.com,Female,Operator,86336,Russia
Kala,Dossett,kdossettjv@opensource.org,Female,Dental Hygienist,67876,Russia
Arabel,Fenge,afengejw@weather.com,Female,Health Coach III,53604,China
Candace,Rubinlicht,crubinlichtjx@amazon.co.jp,Female,Staff Accountant I,77476,Indonesia
Carlos,Buy,cbuyjy@discovery.com,Male,Paralegal,50740,Indonesia
Robena,Fernely,rfernelyjz@dagondesign.com,Female,Environmental Specialist,72525,Russia
Carolus,D'Avaux,cdavauxk0@youku.com,Male,Developer II,108066,Indonesia
Kincaid,Myrkus,kmyrkusk1@issuu.com,Male,Database Administrator I,83453,Brazil
Baxter,Kobus,bkobusk2@apple.com,Male,Executive Secretary,84261,South Korea
Aaron,Loncaster,aloncasterk3@earthlink.net,Male,Staff Accountant III,105483,China
Vinny,Shuxsmith,vshuxsmithk4@myspace.com,Male,Human Resources Manager,81377,China
Gianina,St Clair,gstclairk5@rediff.com,Female,Desktop Support Technician,108150,China
Zedekiah,Fardy,zfardyk6@fc2.com,Male,Computer Systems Analyst III,58612,China
Adrien,Iacomini,aiacominik7@cisco.com,Male,Chief Design Engineer,105020,Russia
Theadora,Latham,tlathamk8@deviantart.com,Female,Speech Pathologist,66070,Indonesia
Billy,Ohlsen,bohlsenk9@google.fr,Female,Chemical Engineer,100920,Indonesia
Engelbert,MacCarrane,emaccarraneka@nps.gov,Male,Structural Engineer,85747,China
Carmella,Rickard,crickardkb@odnoklassniki.ru,Female,Editor,76019,United States
Lindsey,Alishoner,lalishonerkc@icio.us,Female,Payment Adjustment Coordinator,70918,Indonesia
Terrell,Gosswell,tgosswellkd@vimeo.com,Male,Web Designer II,109551,Saudi Arabia
Sax,Gascoyen,sgascoyenke@wordpress.org,Male,Librarian,50646,China
Elvyn,Bezant,ebezantkf@mit.edu,Male,VP Marketing,73760,Indonesia
Lionello,Baudains,lbaudainskg@php.net,Male,Accounting Assistant I,104241,Thailand
Kennith,Pechacek,kpechacekkh@paypal.com,Male,Geological Engineer,53538,Brazil
Seamus,Featherstone,sfeatherstoneki@flickr.com,Male,Computer Systems Analyst II,46025,Russia
Nolan,Roache,nroachekj@google.co.uk,Male,Chief Design Engineer,58526,Sweden
Antonin,Trowl,atrowlkk@google.es,Male,Account Representative IV,77255,Thailand
Pebrook,Ilem,pilemkl@dropbox.com,Male,Senior Quality Engineer,57538,Russia
Virgie,Nortcliffe,vnortcliffekm@booking.com,Female,Data Coordinator,55355,Brazil
Elliot,Dearan,edearankn@loc.gov,Male,Cost Accountant,49195,China
Tarrah,Southcomb,tsouthcombko@sakura.ne.jp,Female,Professor,72939,Indonesia
Valli,Sprigging,vspriggingkp@goo.ne.jp,Female,Computer Systems Analyst II,98323,China
Guinna,Bricham,gbrichamkq@google.nl,Female,Executive Secretary,66082,Indonesia
Thornie,Carayol,tcarayolkr@theatlantic.com,Male,Automation Specialist III,88678,Vietnam
Meggi,Pettis,mpettisks@mysql.com,Female,Health Coach IV,87946,China
Jasper,Colthard,jcolthardkt@google.cn,Male,Environmental Tech,49123,France
Mercedes,O'Dea,modeaku@mayoclinic.com,Female,Web Developer IV,80400,United States
Rebecka,Pawelke,rpawelkekv@imgur.com,Female,Engineer IV,73761,Japan
Denney,Beetles,dbeetleskw@gnu.org,Male,Technical Writer,53367,South Korea
Herc,Astlet,hastletkx@surveymonkey.com,Male,Software Engineer II,51962,Japan
Parry,Yokley,pyokleyky@list-manage.com,Male,Software Consultant,50277,Russia
Emlyn,Bernet,ebernetkz@hugedomains.com,Female,Senior Editor,66027,Japan
Bil,Westmoreland,bwestmorelandl0@ustream.tv,Male,Food Chemist,84164,China
Letty,Marr,lmarrl1@tinyurl.com,Female,Quality Control Specialist,107141,Indonesia
Heath,Turtle,hturtlel2@theatlantic.com,Female,Design Engineer,67370,France
Marleen,Burdas,mburdasl3@java.com,Female,Paralegal,78196,Indonesia
Shandee,Kirsopp,skirsoppl4@lulu.com,Female,Sales Representative,83967,China
Lars,Lowthian,llowthianl5@360.cn,Male,VP Quality Control,98256,Indonesia
Coralie,MacLoughlin,cmacloughlinl6@ox.ac.uk,Female,Biostatistician IV,56123,Russia
Tracie,Espina,tespinal7@engadget.com,Female,Graphic Designer,79088,Sweden
Lacie,Brabbs,lbrabbsl8@tumblr.com,Female,Analyst Programmer,62682,China
Tine,Moodie,tmoodiel9@goo.ne.jp,Female,Teacher,49086,France
Estele,Rymour,erymourla@skype.com,Female,Senior Sales Associate,93269,Russia
Templeton,Jago,tjagolb@ustream.tv,Male,Environmental Tech,66474,Russia
Gabriel,Eastman,geastmanlc@ebay.com,Male,Dental Hygienist,105193,Thailand
Donal,Humbell,dhumbellld@timesonline.co.uk,Male,Teacher,67381,Russia
Juan,Eilles,jeillesle@ovh.net,Male,Tax Accountant,91126,Brazil
Esdras,Eadmeads,eeadmeadslf@people.com.cn,Male,Chemical Engineer,80686,Indonesia
Waylon,Killick,wkillicklg@goodreads.com,Male,Accountant III,90156,China
Fiann,Drivers,fdriverslh@thetimes.co.uk,Female,Librarian,70266,Russia
Damara,Darlasson,ddarlassonli@google.cn,Female,Assistant Manager,51167,South Korea
Jodie,Wastall,jwastalllj@state.gov,Female,Electrical Engineer,52503,Indonesia
Dalt,Langwade,dlangwadelk@loc.gov,Male,Environmental Specialist,56228,China
Franky,Barby,fbarbyll@fema.gov,Female,Business Systems Development Analyst,93415,Russia
Karlik,Stainton - Skinn,kstaintonskinnlm@msu.edu,Male,Help Desk Operator,52837,Sweden
Liesa,Swett,lswettln@businessweek.com,Female,Health Coach III,95440,Indonesia
Jesse,Erickssen,jerickssenlo@pbs.org,Male,Accountant II,86401,Indonesia
Darrick,Iacovelli,diacovellilp@ifeng.com,Male,Product Engineer,62921,China
Devin,Ondra,dondralq@merriam-webster.com,Male,Registered Nurse,85072,China
Gar,Zanneli,gzannelilr@devhub.com,Male,Dental Hygienist,73586,China
Chandal,Fairbrace,cfairbracels@unicef.org,Female,Nuclear Power Engineer,68273,China
Mohammed,Lucio,mluciolt@google.cn,Male,Marketing Assistant,67864,China
Rosene,Dungey,rdungeylu@google.com,Female,Engineer II,109601,Indonesia
Wernher,Tures,wtureslv@wired.com,Male,Junior Executive,74329,Indonesia
Elsbeth,Searight,esearightlw@umn.edu,Female,Research Associate,71749,Brazil
Kori,Trafford,ktraffordlx@sphinn.com,Female,Account Executive,101464,Japan
Myrtle,Snowden,msnowdenly@printfriendly.com,Female,Web Designer II,62791,China
Panchito,Bowhey,pbowheylz@whitehouse.gov,Male,GIS Technical Architect,47800,Indonesia
Siobhan,Caff,scaffm0@google.es,Female,Media Manager III,88160,United States
Audrie,MacWhan,amacwhanm1@tinypic.com,Female,Civil Engineer,105702,Sweden
Gilly,Clancey,gclanceym2@cbslocal.com,Female,Nurse,67549,China
Lita,Smethurst,lsmethurstm3@bloglovin.com,Female,VP Sales,68752,Russia
Laurence,Yegorev,lyegorevm4@skype.com,Male,Senior Cost Accountant,80831,Vietnam
Jarrett,Bytheway,jbythewaym5@xinhuanet.com,Male,Staff Scientist,59041,Thailand
Kyrstin,MacAlaster,kmacalasterm6@oakley.com,Female,Accounting Assistant II,65309,Sweden
Brewster,Lake,blakem7@slideshare.net,Male,Desktop Support Technician,74176,South Africa
Ewell,Clopton,ecloptonm8@ifeng.com,Male,Assistant Professor,89927,Indonesia
Stirling,Cheng,schengm9@reverbnation.com,Male,Registered Nurse,50538,Russia
Eleen,Porteous,eporteousma@homestead.com,Female,Marketing Manager,52321,China
Eran,Agge,eaggemb@ca.gov,Female,Electrical Engineer,60120,Japan
Patsy,Doudny,pdoudnymc@reference.com,Female,Nurse,58346,Thailand
Marney,Falconer-Taylor,mfalconertaylormd@simplemachines.org,Female,Automation Specialist II,92639,China
Luciana,Garric,lgarricme@fotki.com,Female,Dental Hygienist,54083,Russia
Caron,Lelande,clelandemf@imgur.com,Female,Account Representative II,48949,Russia
Massimiliano,Applin,mapplinmg@un.org,Male,Recruiter,85848,Indonesia
Roderick,Badder,rbaddermh@webnode.com,Male,Engineer IV,97715,Russia
Dill,Bramelt,dbrameltmi@sfgate.com,Male,Database Administrator IV,90507,Indonesia
Gladi,Pillans,gpillansmj@thetimes.co.uk,Female,Occupational Therapist,90598,Russia
Coletta,Filippazzo,cfilippazzomk@illinois.edu,Female,Paralegal,102538,China
Hedvig,Guppy,hguppyml@tinyurl.com,Female,Speech Pathologist,80792,Russia
Christina,Pesak,cpesakmm@blogs.com,Female,Technical Writer,48650,Sweden
Ricky,Gheeraert,rgheeraertmn@sourceforge.net,Female,Sales Associate,53963,Brazil
Murielle,Franzettoini,mfranzettoinimo@goo.gl,Female,Senior Developer,81536,Thailand
Opalina,Dehm,odehmmp@omniture.com,Female,Pharmacist,94171,Brazil
Jannelle,Shitliff,jshitliffmq@people.com.cn,Female,Civil Engineer,0,China
Kiel,Waters,kwatersmr@opera.com,Male,Teacher,90156,Indonesia
Alf,Bladon,abladonms@webmd.com,Male,Tax Accountant,90102,Indonesia
Dex,Ghirardi,dghirardimt@wsj.com,Male,Analog Circuit Design manager,66444,Japan
Milton,Malkie,mmalkiemu@skyrock.com,Male,Quality Engineer,46359,Australia
Hilton,Cheer,hcheermv@skype.com,Male,Legal Assistant,51387,China
Zolly,McPeice,zmcpeicemw@europa.eu,Male,Nurse Practicioner,50785,Russia
Idalia,Hatje,ihatjemx@mozilla.org,Female,Recruiter,90235,China
Alyse,Stoneman,astonemanmy@wix.com,Female,Desktop Support Technician,55743,Russia
Pip,McPeck,pmcpeckmz@hud.gov,Male,Business Systems Development Analyst,79864,Indonesia
Kendal,Chainey,kchaineyn0@wp.com,Male,Quality Engineer,98102,Switzerland
Faina,Bester,fbestern1@whitehouse.gov,Female,Analog Circuit Design manager,80256,China
Rowan,Youtead,ryouteadn2@ow.ly,Male,Account Executive,85171,China
Mindy,Coye,mcoyen3@huffingtonpost.com,Female,Computer Systems Analyst I,55097,Indonesia
Nikaniki,Kubacki,nkubackin4@desdev.cn,Female,Assistant Professor,106328,France
Cammi,Jordi,cjordin5@goodreads.com,Female,Chief Design Engineer,47032,Russia
Bellanca,Bollon,bbollonn6@taobao.com,Female,Compensation Analyst,77632,Russia
Genevieve,Jurczik,gjurczikn7@cdc.gov,Female,VP Accounting,71733,China
Leah,Iorillo,liorillon8@dell.com,Female,Nurse Practicioner,101611,Brazil
Babara,Jurek,bjurekn9@usda.gov,Female,General Manager,90847,Malaysia
Estella,Wedderburn,ewedderburnna@mac.com,Female,Associate Professor,94340,Indonesia
Emeline,Winterscale,ewinterscalenb@xrea.com,Female,Sales Associate,89327,Russia
Abigale,Truscott,atruscottnc@chron.com,Female,Paralegal,81315,France
Georgiana,Lindsey,glindseynd@webeden.co.uk,Female,Data Coordinator,63767,Indonesia
Gar,Comport,gcomportne@guardian.co.uk,Male,Administrative Assistant III,85813,China
Isidoro,D'Ambrosi,idambrosinf@freewebs.com,Male,Marketing Assistant,85208,China
Michaelina,Sloss,mslossng@addtoany.com,Female,Speech Pathologist,56816,China
Peg,Heditch,pheditchnh@shutterfly.com,Female,Structural Engineer,105442,China
Cicily,Pollins,cpollinsni@github.com,Female,Financial Analyst,62174,Indonesia
Gene,Duncombe,gduncombenj@taobao.com,Male,Physical Therapy Assistant,104855,China
Joey,Findon,jfindonnk@wisc.edu,Male,Cost Accountant,102136,China
Susanna,Blinerman,sblinermannl@discovery.com,Female,Biostatistician IV,46510,China
Bondy,Hutchence,bhutchencenm@fastcompany.com,Male,Structural Engineer,65433,China
Carolyne,Whodcoat,cwhodcoatnn@ucsd.edu,Female,Operator,108061,China
Jarrod,Schiementz,jschiementzno@tiny.cc,Male,Marketing Assistant,71436,China
Nowell,Spillard,nspillardnp@wisc.edu,Male,Data Coordinator,48742,Russia
Brooks,D'Antoni,bdantoninq@cpanel.net,Female,Staff Scientist,107953,China
Pepe,Bostock,pbostocknr@mapy.cz,Male,Geologist IV,86282,Sweden
Sela,Paslow,spaslowns@scribd.com,Female,Compensation Analyst,64659,Sweden
Nanice,Klausen,nklausennt@ucoz.ru,Female,Graphic Designer,93758,South Africa
Merrielle,Beeho,mbeehonu@godaddy.com,Female,Sales Associate,106961,Japan
Murry,Sewall,msewallnv@vimeo.com,Male,Office Assistant I,79115,China
Teresita,Goodlad,tgoodladnw@list-manage.com,Female,Librarian,87810,Indonesia
Boony,Van Oord,bvanoordnx@ftc.gov,Male,Senior Cost Accountant,101371,France
Daron,Colleford,dcollefordny@chronoengine.com,Female,Senior Cost Accountant,109055,China
Wayland,Kiley,wkileynz@google.it,Male,Graphic Designer,72060,Thailand
Corliss,Hallor,challoro0@google.nl,Female,Design Engineer,58672,Russia
Kalle,Elmes,kelmeso1@vimeo.com,Male,Registered Nurse,86209,Russia
Martainn,Extence,mextenceo2@liveinternet.ru,Male,Administrative Officer,85313,United States
Griswold,Roan,groano3@newsvine.com,Male,Internal Auditor,84986,Sweden
Faunie,Mold,fmoldo4@sourceforge.net,Female,Office Assistant II,90528,Russia
Hans,Elstob,helstobo5@cisco.com,Male,Graphic Designer,75092,China
Calvin,Neville,cnevilleo6@time.com,Male,Mechanical Systems Engineer,108436,China
Kennedy,Gymblett,kgymbletto7@1und1.de,Male,Engineer I,79422,China
Liza,Yea,lyeao8@g.co,Female,Senior Sales Associate,76515,United States
Dinah,Normanville,dnormanvilleo9@patch.com,Female,Electrical Engineer,63771,Indonesia
Drucie,Jepps,djeppsoa@eventbrite.com,Female,Quality Engineer,89969,Indonesia
Siffre,Farlowe,sfarloweob@dailymail.co.uk,Male,Sales Associate,53227,Russia
Julina,Chambers,jchambersoc@whitehouse.gov,Female,Help Desk Technician,66666,Sweden
Wallis,Slocombe,wslocombeod@surveymonkey.com,Female,Environmental Specialist,73588,Indonesia
Bo,Francais,bfrancaisoe@un.org,Male,Paralegal,60740,Indonesia
Lilith,Thunders,lthundersof@liveinternet.ru,Female,Health Coach I,88930,Brazil
Aloysius,Speenden,aspeendenog@deviantart.com,Male,Staff Accountant III,92031,Sweden
Celestyna,Teissier,cteissieroh@infoseek.co.jp,Female,Quality Engineer,65178,Thailand
Vonnie,Brecknock,vbrecknockoi@bandcamp.com,Female,Budget/Accounting Analyst II,69884,China
Lazar,Foottit,lfoottitoj@wired.com,Male,Engineer II,46887,Russia
Claribel,Fairweather,cfairweatherok@ca.gov,Female,Registered Nurse,61360,Indonesia
Tybie,Wolffers,twolffersol@de.vu,Female,Senior Sales Associate,88931,Russia
Arther,Kairns,akairnsom@addtoany.com,Male,Senior Quality Engineer,104127,China
Niel,Oleszczak,noleszczakon@berkeley.edu,Male,Structural Analysis Engineer,103186,Russia
Bo,Claybourne,bclaybourneoo@godaddy.com,Male,Software Test Engineer I,84665,China
Marya,Hartnell,mhartnellop@slashdot.org,Female,Associate Professor,49451,Indonesia
Alexis,Jasik,ajasikoq@vistaprint.com,Male,Civil Engineer,0,Indonesia
Joeann,Regler,jregleror@ycombinator.com,Female,Director of Sales,78583,Japan
Scotty,Orteau,sorteauos@china.com.cn,Male,VP Accounting,61248,Brazil
Maximo,Ticksall,mticksallot@ucoz.ru,Male,Food Chemist,71221,China
Adele,Bosward,aboswardou@google.co.jp,Female,Librarian,75956,Indonesia
Nicola,MacRitchie,nmacritchieov@nba.com,Female,Chemical Engineer,47446,Sweden
Cyndie,Oldacre,coldacreow@shop-pro.jp,Female,Web Designer III,62731,China
Felicdad,Siuda,fsiudaox@istockphoto.com,Female,Associate Professor,58962,China
Maurita,Pluthero,mplutherooy@parallels.com,Female,Analog Circuit Design manager,68104,South Africa
Niven,Collcott,ncollcottoz@wordpress.org,Male,VP Quality Control,51870,Russia
Shelby,Palmer,spalmerp0@intel.com,Male,Structural Analysis Engineer,56689,Russia
Donall,Cornfield,dcornfieldp1@mit.edu,Male,Payment Adjustment Coordinator,74943,Sweden
Mort,Chifney,mchifneyp2@cbslocal.com,Male,Senior Financial Analyst,65226,United States
Lynelle,Fetherby,lfetherbyp3@google.com,Female,Office Assistant III,69629,Vietnam
Claudelle,Basnall,cbasnallp4@com.com,Female,Human Resources Assistant III,102753,China
Ned,Shearsby,nshearsbyp5@geocities.jp,Male,Budget/Accounting Analyst IV,88428,China
Brien,Baraclough,bbaracloughp6@exblog.jp,Male,Teacher,100072,China
Guenna,Fippe,gfippep7@so-net.ne.jp,Female,Desktop Support Technician,54716,Brazil
Rosabel,Dionsetto,rdionsettop8@eventbrite.com,Female,Accounting Assistant II,59992,China
Isabeau,Bragginton,ibraggintonp9@msn.com,Female,Editor,102498,China
Joann,Negro,jnegropa@t-online.de,Female,Account Executive,46981,Japan
Dominique,O' Markey,domarkeypb@technorati.com,Male,Biostatistician I,70669,Japan
Ilyssa,Rowberry,irowberrypc@ft.com,Female,Executive Secretary,60348,Indonesia
Tad,Leek,tleekpd@tiny.cc,Male,Software Test Engineer III,84356,China
Ronalda,Golden of Ireland,rgoldenofirelandpe@ovh.net,Female,VP Marketing,48906,Russia
Brose,Witling,bwitlingpf@list-manage.com,Male,Software Consultant,79046,Indonesia
Jareb,Falkus,jfalkuspg@cbslocal.com,Male,Electrical Engineer,89069,Brazil
Payton,Bridgwood,pbridgwoodph@bluehost.com,Male,Occupational Therapist,48118,China
Lona,De Morena,ldemorenapi@woothemes.com,Female,Community Outreach Specialist,96809,Russia
Sascha,Pauletti,spaulettipj@mit.edu,Male,Systems Administrator III,79877,United States
Jen,Keyzor,jkeyzorpk@webmd.com,Female,Programmer I,91265,China
Kain,Galliver,kgalliverpl@reverbnation.com,Male,Automation Specialist II,46849,China
Cecilla,Bertholin,cbertholinpm@china.com.cn,Female,Financial Analyst,59843,Brazil
Shepherd,Farrand,sfarrandpn@tmall.com,Male,Office Assistant II,87754,China
Berry,Mordon,bmordonpo@cam.ac.uk,Female,Web Developer III,52187,Indonesia
Isa,Signore,isignorepp@smugmug.com,Male,Engineer IV,94445,Australia
Shina,Rollo,srollopq@prlog.org,Female,Marketing Assistant,51457,China
Christoffer,Bryenton,cbryentonpr@parallels.com,Male,Help Desk Technician,61988,China
Stewart,Lillicrap,slillicrapps@newsvine.com,Male,Design Engineer,64108,Indonesia
Burl,McRavey,bmcraveypt@about.me,Male,Sales Associate,83504,Russia
Delmer,Lehon,dlehonpu@bbc.co.uk,Male,Account Coordinator,68958,China
Fanchette,Tyne,ftynepv@oaic.gov.au,Female,Actuary,86869,Indonesia
Robinia,Blincow,rblincowpw@cbslocal.com,Female,VP Product Management,64250,Indonesia
Hermy,Ironside,hironsidepx@google.cn,Male,Structural Engineer,107313,China
Tess,Flancinbaum,tflancinbaumpy@google.com,Female,Physical Therapy Assistant,80501,France
Leif,O'Heaney,loheaneypz@admin.ch,Male,Payment Adjustment Coordinator,73695,United States
Jerad,MacSorley,jmacsorleyq0@topsy.com,Male,Chemical Engineer,85632,Indonesia
Tera,Godden,tgoddenq1@answers.com,Female,Human Resources Assistant I,102888,China
Fin,Dench,fdenchq2@vimeo.com,Male,Assistant Professor,71631,Japan
Klaus,Cardillo,kcardilloq3@sogou.com,Male,VP Product Management,107128,Russia
Lorelei,Wadham,lwadhamq4@devhub.com,Female,VP Accounting,81755,China
Augustus,Marsden,amarsdenq5@salon.com,Male,VP Sales,81528,China
Mabel,Spinney,mspinneyq6@imdb.com,Female,Assistant Media Planner,58243,China
Dianne,Grummitt,dgrummittq7@live.com,Female,Analog Circuit Design manager,95644,France
Shelagh,Woolfenden,swoolfendenq8@google.it,Female,Geologist III,101759,Indonesia
Nissa,MacCurtain,nmaccurtainq9@bluehost.com,Female,Chemical Engineer,92094,China
Anestassia,Beckson,abecksonqa@slashdot.org,Female,Senior Cost Accountant,63184,China
Rory,Scalera,rscaleraqb@go.com,Male,Financial Analyst,47752,China
Barny,Ruselin,bruselinqc@un.org,Male,Analyst Programmer,92635,China
Melvyn,Bischof,mbischofqd@cmu.edu,Male,Senior Quality Engineer,99922,Mexico
Ulla,Harfleet,uharfleetqe@technorati.com,Female,Senior Quality Engineer,97786,South Africa
Maurits,Danilchik,mdanilchikqf@ehow.com,Male,Clinical Specialist,46381,South Africa
Rafferty,Tinan,rtinanqg@moonfruit.com,Male,Senior Developer,96395,Russia
Francesca,Gadie,fgadieqh@shop-pro.jp,Female,Quality Control Specialist,108892,Brazil
Leonhard,Lanfere,llanfereqi@telegraph.co.uk,Male,Analog Circuit Design manager,89281,Indonesia
Rhonda,Macari,rmacariqj@ibm.com,Female,Environmental Specialist,106878,Thailand
Emelita,Hissett,ehissettqk@noaa.gov,Female,Statistician IV,73602,China
Jeanette,Jockle,jjockleql@cnet.com,Female,Senior Quality Engineer,53164,New Zealand
Ricky,O'Neal,ronealqm@chronoengine.com,Female,Automation Specialist I,54989,China
Trista,Dible,tdibleqn@wunderground.com,Female,Web Designer I,94827,United States
Petronille,Tales,ptalesqo@nyu.edu,Female,Statistician II,80590,China
Dermot,Fessions,dfessionsqp@cmu.edu,Male,Design Engineer,90506,Brazil
Quincy,Hennemann,qhennemannqq@webnode.com,Male,VP Accounting,97851,Indonesia
Matti,Macveigh,mmacveighqr@uol.com.br,Female,Help Desk Operator,100894,China
Tara,McKibbin,tmckibbinqs@senate.gov,Female,Electrical Engineer,56284,China
Hillary,Upfold,hupfoldqt@pen.io,Male,Dental Hygienist,105167,France
Emlynne,Cary,ecaryqu@intel.com,Female,VP Marketing,91514,Indonesia
Farrand,Dearsley,fdearsleyqv@loc.gov,Female,Account Representative III,67483,Japan
Ryann,Menendez,rmenendezqw@naver.com,Female,Marketing Manager,103876,China
Diego,Tschiersch,dtschierschqx@creativecommons.org,Male,Statistician I,107795,China
Kala,Oades,koadesqy@state.tx.us,Female,Developer I,69718,China
Timmy,Perfili,tperfiliqz@t.co,Male,Occupational Therapist,51049,Brazil
Kamilah,Castane,kcastaner0@berkeley.edu,Female,Health Coach I,45119,Brazil
Stafford,Mangenot,smangenotr1@mac.com,Male,Programmer III,54956,Mexico
Winny,Esselen,wesselenr2@upenn.edu,Male,Dental Hygienist,77242,Brazil
Alta,Gotecliffe,agotecliffer3@walmart.com,Female,Assistant Professor,49618,New Zealand
Sena,Duckwith,sduckwithr4@hatena.ne.jp,Female,Operator,52193,China
Ara,Oldfield-Cherry,aoldfieldcherryr5@ycombinator.com,Female,Safety Technician III,48887,United States
Marti,Rubinlicht,mrubinlichtr6@hubpages.com,Female,Staff Accountant IV,68393,Indonesia
Jennica,Simonson,jsimonsonr7@feedburner.com,Female,Actuary,60439,China
Clem,Lead,cleadr8@blogspot.com,Male,Quality Control Specialist,47890,United States
Myrle,Oldfield,moldfieldr9@nature.com,Female,Analyst Programmer,85134,Russia
Claudie,Gorham,cgorhamra@cisco.com,Female,Office Assistant IV,83570,Indonesia
Evelina,Wrotchford,ewrotchfordrb@guardian.co.uk,Female,Executive Secretary,53969,Mexico
Annetta,Adamovitz,aadamovitzrc@dagondesign.com,Female,Librarian,49384,China
Dorree,Mc Grath,dmcgrathrd@home.pl,Female,VP Marketing,74218,United States
Tadeas,Landrean,tlandreanre@economist.com,Male,Analyst Programmer,74128,Brazil
Bourke,Blanchette,bblanchetterf@economist.com,Male,Database Administrator I,87521,Thailand
Evanne,Yushankin,eyushankinrg@sciencedaily.com,Female,Senior Cost Accountant,103546,China
Kaine,Pollard,kpollardrh@delicious.com,Male,Tax Accountant,102344,China
Rufus,Devaney,rdevaneyri@engadget.com,Male,Senior Developer,77006,Russia
Zebadiah,Etherington,zetheringtonrj@nifty.com,Male,Budget/Accounting Analyst IV,93489,China
Otes,Gulleford,ogullefordrk@1und1.de,Male,Nurse,94968,Sweden
Feliza,Silverthorn,fsilverthornrl@utexas.edu,Female,Media Manager II,47382,France
Wally,McRavey,wmcraveyrm@nbcnews.com,Female,Staff Scientist,107704,France
Kennith,O'Regan,koreganrn@mapquest.com,Male,Assistant Professor,89355,France
Kipp,Blakeden,kblakedenro@businesswire.com,Male,Office Assistant IV,101299,China
Paula,Felgate,pfelgaterp@addtoany.com,Female,Geologist IV,103678,China
Dudley,Palmar,dpalmarrq@blogger.com,Male,Financial Advisor,93207,Sweden
Kaylee,Verdun,kverdunrr@nydailynews.com,Female,Engineer II,50915,China
Odele,Dimmack,odimmack11@berkeley.edu,Female,Payment Adjustment Coordinator,71379,Russia
Ariadne,Wandrach,awandrach12@apple.com,Female,Executive Secretary,107777,China
Joni,Hatchette,jhatchette13@nifty.com,Female,Information Systems Manager,95801,China
